categories,collectDate,content,createDate,description,docId,docType,domain,fromCrawler,link,logoLink,numComments,numDislikes,numLikes,numShares,numViews,pictures,postId,postLink,provinces,reactions,source,sourceId,sourceName,tags,title,type,userId,userName
[],2026-01-14T09:32:53.484783+07:00,New inflation numbers are bad. New energy prices are bad. This is MAGA’s economy. This is TRUMP’s economy.,2026-01-13T21:21:14+07:00,,3809217003677651462,threads,threads.com,threads_crawler_v1,https://www.threads.net/@bradcooney1/post/DTdDq7IlZIG,https://instagram.fhan3-3.fna.fbcdn.net/v/t51.2885-19/608086453_18541961140019375_2138879579459193794_n.jpg?stp=dst-jpg_s150x150_tt6&efg=eyJ2ZW5jb2RlX3RhZyI6InByb2ZpbGVfcGljLmRqYW5nby4xMDgwLmMyIn0&_nc_ht=instagram.fhan3-3.fna.fbcdn.net&_nc_cat=111&_nc_oc=Q6cZ2QHpwHg6-L2MXGmfrLwn4iNyLxLkzstAiK_eLU0828T1ddndV-yRdR_7GhpzrF3x4gI&_nc_ohc=_LTU5lFMXHAQ7kNvwEDsUho&_nc_gid=wOIvfF_b7CQaO_on_8nVzA&edm=AJhczIQBAAAA&ccb=7-5&oh=00_AfpCLNKu_jhbdS5cwNCGW5v5yGWyivId9AZ9NPh6XvMGeA&oe=696CBCFB&_nc_sid=4a2096,68,0,3263,259,0,[],,https://www.threads.net/@bradcooney1/post/DTdDq7IlZIG,[],"{'likes': 3263, 'reposts': 253, 'quotes': 6}",threads,3809217003677651462,Brad Cooney,,New inflation numbers are bad. New energy prices are bad. This is MAGA’s economy. This is TRUMP’s economy.,threads,63385719187,bradcooney1
[],2026-01-14T09:32:53.484986+07:00,"If the United States invades Greenland,  a fellow NATO member, understand this: the consequences are permanent.

NATO dissolves. The World Cup and Olympics bar the U.S. Europe calls in U.S. debt, collapsing the economy. All U.S. bases in Europe are closed. Travel and trade between Europe and the U.S. end. U.S. companies are expelled. Americans in Europe lose legal protections. Boeing jets are grounded.
This is the end of trust and it does not reset.",2026-01-11T15:54:30+07:00,,3807602998554400852,threads,threads.com,threads_crawler_v1,https://www.threads.net/@swedish.wanderlust/post/DTXUsDujBhU,https://instagram.fhan3-3.fna.fbcdn.net/v/t51.2885-19/504502812_17889467742272627_7470917701501339476_n.jpg?stp=dst-jpg_s150x150_tt6&efg=eyJ2ZW5jb2RlX3RhZyI6InByb2ZpbGVfcGljLmRqYW5nby4xMDgwLmMyIn0&_nc_ht=instagram.fhan3-3.fna.fbcdn.net&_nc_cat=1&_nc_oc=Q6cZ2QHpwHg6-L2MXGmfrLwn4iNyLxLkzstAiK_eLU0828T1ddndV-yRdR_7GhpzrF3x4gI&_nc_ohc=lmChRNhhY0kQ7kNvwEBU6a2&_nc_gid=wOIvfF_b7CQaO_on_8nVzA&edm=AJhczIQBAAAA&ccb=7-5&oh=00_AfrTUNvTj6GjVLGiEIwwWEATOLs17B17hkZpIKCvc_ew0A&oe=696CCEB2&_nc_sid=4a2096,1694,0,23414,3243,0,[],,https://www.threads.net/@swedish.wanderlust/post/DTXUsDujBhU,[],"{'likes': 23414, 'reposts': 3076, 'quotes': 167}",threads,3807602998554400852,Swedish Wanderlust,,"If the United States invades Greenland,  a fellow NATO member, understand this: the consequences are permanent.

NATO dissolves. The World Cup and Olympics bar the U.S. Europe calls in U.S. debt, collapsing the economy. All U.S. bases in Europe are closed. Travel and trade between Europe and the U.S. end. U.S. companies are expelled. Americans in Europe lose legal protections. Boeing jets are grounded.
This is the end of trust and it does not reset.",threads,68081327269,swedish.wanderlust
[],2026-01-14T09:32:53.485057+07:00,"Why is Donald Trump attacking the Fed, and why should we be paying attention? 

Because, he’s trying to rig the system, and it could affect your job, savings, and the cost of everything. Oh yeah, and it makes inequality worse, creating opportunities for some to cash out while destabilizing the economy for everyone else. ⬇️",2026-01-13T08:46:46+07:00,,3808837268304338347,threads,threads.com,threads_crawler_v1,https://www.threads.net/@repstansbury/post/DTbtVDAjJ2r,https://instagram.fhan3-3.fna.fbcdn.net/v/t51.2885-19/358172437_656759776333690_3950871564583234573_n.jpg?stp=dst-jpg_s150x150_tt6&efg=eyJ2ZW5jb2RlX3RhZyI6InByb2ZpbGVfcGljLmRqYW5nby42MDEuYzIifQ&_nc_ht=instagram.fhan3-3.fna.fbcdn.net&_nc_cat=1&_nc_oc=Q6cZ2QHpwHg6-L2MXGmfrLwn4iNyLxLkzstAiK_eLU0828T1ddndV-yRdR_7GhpzrF3x4gI&_nc_ohc=7dsOqbuqb2IQ7kNvwHcFdiQ&_nc_gid=wOIvfF_b7CQaO_on_8nVzA&edm=AJhczIQBAAAA&ccb=7-5&oh=00_AfomXiN2hAbGKsIqnOfRrtf_Z6QOrte0an-mopnL2qu8gA&oe=696CC83E&_nc_sid=4a2096,206,0,3360,648,0,[],,https://www.threads.net/@repstansbury/post/DTbtVDAjJ2r,[],"{'likes': 3360, 'reposts': 610, 'quotes': 38}",threads,3808837268304338347,Rep. Melanie Stansbury,,"Why is Donald Trump attacking the Fed, and why should we be paying attention? 

Because, he’s trying to rig the system, and it could affect your job, savings, and the cost of everything. Oh yeah, and it makes inequality worse, creating opportunities for some to cash out while destabilizing the economy for everyone else. ⬇️",threads,63367151595,repstansbury
[],2026-01-14T09:32:53.485102+07:00,"BREAKING: More bad job numbers for the United States this morning. 

The economy added 50,000 jobs in December, less than the 73,000 predicted by Wall Street. 

That means, the United States 584,000 jobs in all of 2025, the worst year for job growth since 2003 (excluding any recession year).",2026-01-09T20:44:37+07:00,,3806299467465955816,threads,threads.com,threads_crawler_v1,https://www.threads.net/@aaronparnas/post/DTSsTLzERno,https://instagram.fhan3-3.fna.fbcdn.net/v/t51.2885-19/363308494_227453469765682_4538736073011655090_n.jpg?stp=dst-jpg_s150x150_tt6&efg=eyJ2ZW5jb2RlX3RhZyI6InByb2ZpbGVfcGljLmRqYW5nby4xMDgwLmMyIn0&_nc_ht=instagram.fhan3-3.fna.fbcdn.net&_nc_cat=1&_nc_oc=Q6cZ2QHpwHg6-L2MXGmfrLwn4iNyLxLkzstAiK_eLU0828T1ddndV-yRdR_7GhpzrF3x4gI&_nc_ohc=3V5VNFrl5igQ7kNvwGqi85H&_nc_gid=wOIvfF_b7CQaO_on_8nVzA&edm=AJhczIQBAAAA&ccb=7-5&oh=00_Afp87pSsovHblVhWOc-rXKzB-ULJMksUCi99n1FSHHyBLQ&oe=696CE83B&_nc_sid=4a2096,253,0,10853,1176,0,[],,https://www.threads.net/@aaronparnas/post/DTSsTLzERno,[],"{'likes': 10853, 'reposts': 1134, 'quotes': 42}",threads,3806299467465955816,Aaron Parnas,,"BREAKING: More bad job numbers for the United States this morning. 

The economy added 50,000 jobs in December, less than the 73,000 predicted by Wall Street. 

That means, the United States 584,000 jobs in all of 2025, the worst year for job growth since 2003 (excluding any recession year).",threads,63265609167,aaronparnas
[],2026-01-14T09:32:53.485141+07:00,"Monthly US CPI inflation came in as expected at 0.3% for both core and headline measures.
Annual headline inflation is 2.7% (as expected) and core 2.6% (somewhat lower than expected).
This data release will not change rate expectations in any significant manner -- that is to say, the Fed is on hold with the question being how long of a pause.
#economy #markets #inflation #federalreserve",2026-01-13T20:41:57+07:00,,3809197235285069811,threads,threads.com,threads_crawler_v1,https://www.threads.net/@mohamed.el.erian/post/DTc_LQYkQ_z,https://instagram.fhan3-4.fna.fbcdn.net/v/t51.2885-19/358030959_602726381950708_1955527519789243891_n.jpg?stp=dst-jpg_s150x150_tt6&efg=eyJ2ZW5jb2RlX3RhZyI6InByb2ZpbGVfcGljLmRqYW5nby41MTguYzIifQ&_nc_ht=instagram.fhan3-4.fna.fbcdn.net&_nc_cat=104&_nc_oc=Q6cZ2QHpwHg6-L2MXGmfrLwn4iNyLxLkzstAiK_eLU0828T1ddndV-yRdR_7GhpzrF3x4gI&_nc_ohc=J4vWU5Gd8dsQ7kNvwEJguTx&_nc_gid=wOIvfF_b7CQaO_on_8nVzA&edm=AJhczIQBAAAA&ccb=7-5&oh=00_Afqnc0haZBFzAK12M4rs772l0qP6_DzaBefmpnX-Xj3G2A&oe=696CC35F&_nc_sid=4a2096,2,0,22,1,0,[],,https://www.threads.net/@mohamed.el.erian/post/DTc_LQYkQ_z,[],"{'likes': 22, 'reposts': 0, 'quotes': 1}",threads,3809197235285069811,Mohamed A. El-Erian,,"Monthly US CPI inflation came in as expected at 0.3% for both core and headline measures.
Annual headline inflation is 2.7% (as expected) and core 2.6% (somewhat lower than expected).
This data release will not change rate expectations in any significant manner -- that is to say, the Fed is on hold with the question being how long of a pause.
#economy #markets #inflation #federalreserve",threads,63431572032,mohamed.el.erian
[],2026-01-14T09:32:53.485176+07:00,NO amount of “budgeting” or “saving” will fix the fact that we don’t make enough money anymore for this economy and inflation is robbing us blind.,2026-01-02T01:55:09+07:00,,3800657560324869428,threads,threads.com,threads_crawler_v1,https://www.threads.net/@fluent.in.finance/post/DS-peoUEQ00,https://instagram.fhan3-3.fna.fbcdn.net/v/t51.2885-19/608415621_18098201386875900_1972024547419240570_n.jpg?stp=dst-jpg_s150x150_tt6&efg=eyJ2ZW5jb2RlX3RhZyI6InByb2ZpbGVfcGljLmRqYW5nby4xMDgwLmMyIn0&_nc_ht=instagram.fhan3-3.fna.fbcdn.net&_nc_cat=1&_nc_oc=Q6cZ2QHpwHg6-L2MXGmfrLwn4iNyLxLkzstAiK_eLU0828T1ddndV-yRdR_7GhpzrF3x4gI&_nc_ohc=3gpMuttKn6IQ7kNvwEc_jGz&_nc_gid=wOIvfF_b7CQaO_on_8nVzA&edm=AJhczIQBAAAA&ccb=7-5&oh=00_Afp01HgScRjKJz_OkkSp16o2PbcQn6sf4KmhFKc203Spog&oe=696CCCE0&_nc_sid=4a2096,196,0,17147,1325,0,[],,https://www.threads.net/@fluent.in.finance/post/DS-peoUEQ00,[],"{'likes': 17147, 'reposts': 1290, 'quotes': 35}",threads,3800657560324869428,Andrew Lokenauth | TheFinanceNewsletter.com,,NO amount of “budgeting” or “saving” will fix the fact that we don’t make enough money anymore for this economy and inflation is robbing us blind.,threads,63093702947,fluent.in.finance
[],2026-01-14T09:32:53.485221+07:00,Wasn’t Trump supposed to give a speech about the economy today? Why did he talk about anything BUT the economy if it’s so great?,2026-01-14T04:31:25+07:00,,3809433521644275982,threads,threads.com,threads_crawler_v1,https://www.threads.net/@itsanickoleworld/post/DTd05rNEokO,https://instagram.fhan3-2.fna.fbcdn.net/v/t51.2885-19/500096190_17911254570131659_8280850940062397301_n.jpg?stp=dst-jpg_s150x150_tt6&efg=eyJ2ZW5jb2RlX3RhZyI6InByb2ZpbGVfcGljLmRqYW5nby4xMDgwLmMyIn0&_nc_ht=instagram.fhan3-2.fna.fbcdn.net&_nc_cat=107&_nc_oc=Q6cZ2QHpwHg6-L2MXGmfrLwn4iNyLxLkzstAiK_eLU0828T1ddndV-yRdR_7GhpzrF3x4gI&_nc_ohc=8ll5i2VhEQoQ7kNvwGKhlR1&_nc_gid=wOIvfF_b7CQaO_on_8nVzA&edm=AJhczIQBAAAA&ccb=7-5&oh=00_AfoSdH1lCkwmEYMQEJXCGIuYJ_D1728JUkxZ96kBJvMzEQ&oe=696CD42D&_nc_sid=4a2096,3,0,10,0,0,[],,https://www.threads.net/@itsanickoleworld/post/DTd05rNEokO,[],"{'likes': 10, 'reposts': 0, 'quotes': 0}",threads,3809433521644275982,Nickole Malloyd,,Wasn’t Trump supposed to give a speech about the economy today? Why did he talk about anything BUT the economy if it’s so great?,threads,66503377653,itsanickoleworld
[],2026-01-14T09:32:53.485266+07:00,$100k salary is the new $40k in this economy.,2025-10-30T05:36:01+07:00,,3754383077138364809,threads,threads.com,threads_crawler_v1,https://www.threads.net/@julietemirella/post/DQaP4RfkfmJ,https://instagram.fhan3-3.fna.fbcdn.net/v/t51.2885-19/449789724_813253124283929_1288243073411847048_n.jpg?stp=dst-jpg_s150x150_tt6&efg=eyJ2ZW5jb2RlX3RhZyI6InByb2ZpbGVfcGljLmRqYW5nby4xMDgwLmMyIn0&_nc_ht=instagram.fhan3-3.fna.fbcdn.net&_nc_cat=1&_nc_oc=Q6cZ2QHpwHg6-L2MXGmfrLwn4iNyLxLkzstAiK_eLU0828T1ddndV-yRdR_7GhpzrF3x4gI&_nc_ohc=pzosoNp0Ur0Q7kNvwG4K_Ko&_nc_gid=wOIvfF_b7CQaO_on_8nVzA&edm=AJhczIQBAAAA&ccb=7-5&oh=00_AfpwxRpaodJKVgncRBSZbYQJJs5b4qAEtBAvBgp0DpzjPQ&oe=696CDC71&_nc_sid=4a2096,454,0,8130,360,0,[],,https://www.threads.net/@julietemirella/post/DQaP4RfkfmJ,[],"{'likes': 8130, 'reposts': 333, 'quotes': 27}",threads,3754383077138364809,Juliete Mirella,,$100k salary is the new $40k in this economy.,threads,63264111449,julietemirella
[],2026-01-14T09:32:53.485318+07:00,"📚 Website hữu ích Cho SV theo Ngành.Phần 1
1. Kinh tế: The Economist (economist .com), Bloomberg (bloomberg com), Financial Times (ft .com).
2. Kế toán: Webketoan (webketoan .vn), Dân kế toán (danketoan .com), Tạp chí Kế toán & Kiểm toán (tapchikekt .vn), Ngọc Linh kế toán (ngoclinhketoan)
3. Tài chính: CafeF (cafef. vn), Investing .com (investing .com), Seeking Alpha (seekingalpha .com)
4. Quản trị: CafeBiz (cafebiz .vn), VnEconomy (vneconomy .vn), Harvard Business Review (hbr .org - tiếng Anh)",2025-11-18T20:29:40+07:00,,3768603606622787352,threads,threads.com,threads_crawler_v1,https://www.threads.net/@onthisinhvien/post/DRMxQNoAdcY,https://instagram.fhan4-6.fna.fbcdn.net/v/t51.2885-19/468535060_1473220386689493_4063964917817261970_n.jpg?stp=dst-jpg_s150x150_tt6&efg=eyJ2ZW5jb2RlX3RhZyI6InByb2ZpbGVfcGljLmRqYW5nby4xMDgwLmMyIn0&_nc_ht=instagram.fhan4-6.fna.fbcdn.net&_nc_cat=109&_nc_oc=Q6cZ2QHpwHg6-L2MXGmfrLwn4iNyLxLkzstAiK_eLU0828T1ddndV-yRdR_7GhpzrF3x4gI&_nc_ohc=Z3GHYIh1gPQQ7kNvwHc8DR9&_nc_gid=wOIvfF_b7CQaO_on_8nVzA&edm=AJhczIQBAAAA&ccb=7-5&oh=00_Afpie7NBoVs905u6gQtWGrTNIsJlDWQqYm4Va6aG9t0oPQ&oe=696CE38F&_nc_sid=4a2096,0,0,201,62,0,[],,https://www.threads.net/@onthisinhvien/post/DRMxQNoAdcY,[],"{'likes': 201, 'reposts': 61, 'quotes': 1}",threads,3768603606622787352,Ôn Thi Sinh Viên HL,Đại học,"📚 Website hữu ích Cho SV theo Ngành.Phần 1
1. Kinh tế: The Economist (economist .com), Bloomberg (bloomberg com), Financial Times (ft .com).
2. Kế toán: Webketoan (webketoan .vn), Dân kế toán (danketoan .com), Tạp chí Kế toán & Kiểm toán (tapchikekt .vn), Ngọc Linh kế toán (ngoclinhketoan)
3. Tài chính: CafeF (cafef. vn), Investing .com (investing .com), Seeking Alpha (seekingalpha .com)
4. Quản trị: CafeBiz (cafebiz .vn), VnEconomy (vneconomy .vn), Harvard Business Review (hbr .org - tiếng Anh)",threads,70685734686,onthisinhvien
[],2026-01-14T09:32:53.485356+07:00,Long drive with Axia Advance. Fuel Economy 23.7km/L,2025-08-14T14:21:17+07:00,,3698839072002141393,threads,threads.com,threads_crawler_v1,https://www.threads.net/@dzulkarnain.rosli153/post/DNU6onoBezR,https://instagram.fhan3-4.fna.fbcdn.net/v/t51.2885-19/513546210_17903370504218310_7532570798732968303_n.jpg?stp=dst-jpg_s150x150_tt6&efg=eyJ2ZW5jb2RlX3RhZyI6InByb2ZpbGVfcGljLmRqYW5nby4xMDgwLmMyIn0&_nc_ht=instagram.fhan3-4.fna.fbcdn.net&_nc_cat=106&_nc_oc=Q6cZ2QHpwHg6-L2MXGmfrLwn4iNyLxLkzstAiK_eLU0828T1ddndV-yRdR_7GhpzrF3x4gI&_nc_ohc=7zv1Om0kd9gQ7kNvwHz8Ojw&_nc_gid=wOIvfF_b7CQaO_on_8nVzA&edm=AJhczIQBAAAA&ccb=7-5&oh=00_Afp1nf7xCjJ8fd8D7pNOJ7SCvK98xpvD7iR-GgrNJE1LNw&oe=696CC7D8&_nc_sid=4a2096,250,0,2706,177,0,"['https://instagram.fhan3-4.fna.fbcdn.net/v/t51.2885-15/532640007_17909697447218310_8623825415855204590_n.jpg?stp=dst-jpg_e15_tt6&efg=eyJ2ZW5jb2RlX3RhZyI6InRocmVhZHMuRkVFRC5pbWFnZV91cmxnZW4uNzIweDQwNi5zZHIuZjgyNzg3LmRlZmF1bHRfY292ZXJfZnJhbWUuYzIifQ&_nc_ht=instagram.fhan3-4.fna.fbcdn.net&_nc_cat=106&_nc_oc=Q6cZ2QHpwHg6-L2MXGmfrLwn4iNyLxLkzstAiK_eLU0828T1ddndV-yRdR_7GhpzrF3x4gI&_nc_ohc=l6N_RwBCH54Q7kNvwFXdHsW&_nc_gid=wOIvfF_b7CQaO_on_8nVzA&edm=AJhczIQBAAAA&ccb=7-5&ig_cache_key=MzY5ODgzOTA3MjAwMjE0MTM5Mw%3D%3D.3-ccb7-5&oh=00_AfpiyrFAiIOkRAACotWtBuCF68pD1GWge_unRkdSrlDVkA&oe=696CB865&_nc_sid=4a2096', 'https://instagram.fhan4-6.fna.fbcdn.net/o1/v/t16/f2/m69/AQNDA3vdklrnefnDXBKstiML9secyj7-R7ru5V6U_RyzcdMwxiBT-sr-GYyydgNq8Gg7VUhidg52pGdicFAStjsY.mp4?strext=1&_nc_cat=109&_nc_oc=Adnh9JcTT2569vxp1Y-iYol1ULAZ-PmkWPsDH6TidHHBcL0dildbPPDCWStrQhJNobM&_nc_sid=8bf8fe&_nc_ht=instagram.fhan4-6.fna.fbcdn.net&_nc_ohc=QhNTN3jh9eEQ7kNvwHpnPpH&efg=eyJ2ZW5jb2RlX3RhZyI6Inhwdl9wcm9ncmVzc2l2ZS5JTlNUQUdSQU0uRkVFRC5DMy4xMjgwLnByb2dyZXNzaXZlX2gyNjQtYmFzaWMtZ2VuMl83MjBwIiwieHB2X2Fzc2V0X2lkIjoxMDgxOTI2MTMwMjc0NTkxLCJhc3NldF9hZ2VfZGF5cyI6MTUyLCJ2aV91c2VjYXNlX2lkIjoxMDE2NCwiZHVyYXRpb25fcyI6MjgsInVybGdlbl9zb3VyY2UiOiJ3d3cifQ%3D%3D&ccb=17-1&_nc_gid=wOIvfF_b7CQaO_on_8nVzA&_nc_zt=28&oh=00_AfqyN5eOsZoxn9YkV0iMXH-41s0obVd6kvu_xlD0yJpMug&oe=696CD9A7']",,https://www.threads.net/@dzulkarnain.rosli153/post/DNU6onoBezR,[],"{'likes': 2706, 'reposts': 173, 'quotes': 4}",threads,3698839072002141393,Dzulkarnain Rosli,,Long drive with Axia Advance. Fuel Economy 23.7km/L,threads,66484618309,dzulkarnain.rosli153
[],2026-01-14T09:32:53.485387+07:00,"EU Economy Overtakes China! 🇪🇺📈🇨🇳

According to the latest IMF data (2025), the European Union’s economy has now surpassed China’s in size:
💶 EU: $19.99 trillion
💴 China: $19.23 trillion

📊 This marks a major shift in global economic balance, with the EU once again securing its position as the world’s second-largest economy after the United States.

With the U.S. far ahead, will the EU be able to catch up? 🌍

#EU #China #Economy #IMF #EuropeanUnion #News #Data #EUMS",2025-08-24T14:17:10+07:00,,3706085406678894048,threads,threads.com,threads_crawler_v1,https://www.threads.net/@eu_made_simple/post/DNuqQqsWsXg,https://instagram.fhan4-6.fna.fbcdn.net/v/t51.2885-19/472439862_1065398798668101_1780731845034796862_n.jpg?stp=dst-jpg_s150x150_tt6&efg=eyJ2ZW5jb2RlX3RhZyI6InByb2ZpbGVfcGljLmRqYW5nby4xMDgwLmMyIn0&_nc_ht=instagram.fhan4-6.fna.fbcdn.net&_nc_cat=109&_nc_oc=Q6cZ2QHpwHg6-L2MXGmfrLwn4iNyLxLkzstAiK_eLU0828T1ddndV-yRdR_7GhpzrF3x4gI&_nc_ohc=Kdy-NeBnxFgQ7kNvwFxUrzf&_nc_gid=wOIvfF_b7CQaO_on_8nVzA&edm=AJhczIQBAAAA&ccb=7-5&oh=00_AfrkCtwt5OqWXGqvU4BVwXGl2TKzX5iS5IX-3dxkN1TRFA&oe=696CE020&_nc_sid=4a2096,266,0,620,27,0,['https://instagram.fhan3-3.fna.fbcdn.net/v/t51.2885-15/539274843_17978526782906951_1728339104849427055_n.jpg?stp=dst-jpg_e35_tt6&efg=eyJ2ZW5jb2RlX3RhZyI6InRocmVhZHMuRkVFRC5pbWFnZV91cmxnZW4uMTM1MHgxNjg4LnNkci5mODI3ODcuZGVmYXVsdF9pbWFnZS5jMiJ9&_nc_ht=instagram.fhan3-3.fna.fbcdn.net&_nc_cat=111&_nc_oc=Q6cZ2QHpwHg6-L2MXGmfrLwn4iNyLxLkzstAiK_eLU0828T1ddndV-yRdR_7GhpzrF3x4gI&_nc_ohc=EUOrsJrpRuoQ7kNvwHClbwM&_nc_gid=wOIvfF_b7CQaO_on_8nVzA&edm=AJhczIQBAAAA&ccb=7-5&ig_cache_key=MzcwNjA4NTQwNjY3ODg5NDA0OA%3D%3D.3-ccb7-5&oh=00_AfpEcMVT3SyLvgebruQ6dBUCuyB4StBGrojsj11X61Q6Lw&oe=696CDE05&_nc_sid=4a2096'],,https://www.threads.net/@eu_made_simple/post/DNuqQqsWsXg,[],"{'likes': 620, 'reposts': 25, 'quotes': 2}",threads,3706085406678894048,EUMS,,"EU Economy Overtakes China! 🇪🇺📈🇨🇳

According to the latest IMF data (2025), the European Union’s economy has now surpassed China’s in size:
💶 EU: $19.99 trillion
💴 China: $19.23 trillion

📊 This marks a major shift in global economic balance, with the EU once again securing its position as the world’s second-largest economy after the United States.

With the U.S. far ahead, will the EU be able to catch up? 🌍

#EU #China #Economy #IMF #EuropeanUnion #News #Data #EUMS",threads,65981090572,eu_made_simple
[],2026-01-14T09:32:53.485416+07:00,"Gaza has gas. 
Sudan has gold. 
Ukraine has titanium. 
Congo has cobalt.
Venezuela has oil.

We live in a society not an economy.

Stop the wars.",2026-01-03T16:16:34+07:00,,3801815899297394589,threads,threads.com,threads_crawler_v1,https://www.threads.net/@mhdksafa/post/DTCw2rjDa-d,https://instagram.fhan3-3.fna.fbcdn.net/v/t51.2885-19/476499833_1078727950605569_6775725023668856117_n.jpg?stp=dst-jpg_s150x150_tt6&efg=eyJ2ZW5jb2RlX3RhZyI6InByb2ZpbGVfcGljLmRqYW5nby42NDAuYzIifQ&_nc_ht=instagram.fhan3-3.fna.fbcdn.net&_nc_cat=1&_nc_oc=Q6cZ2QHpwHg6-L2MXGmfrLwn4iNyLxLkzstAiK_eLU0828T1ddndV-yRdR_7GhpzrF3x4gI&_nc_ohc=TGIDFwi8iF4Q7kNvwHz7NxU&_nc_gid=wOIvfF_b7CQaO_on_8nVzA&edm=AJhczIQBAAAA&ccb=7-5&oh=00_AfrW4mFJzZixrjuOI8AHq0pBprjMe2ZCm3RyFVRuqtFsnA&oe=696CC5C2&_nc_sid=4a2096,521,0,57754,8808,0,[],,https://www.threads.net/@mhdksafa/post/DTCw2rjDa-d,[],"{'likes': 57754, 'reposts': 8639, 'quotes': 169}",threads,3801815899297394589,mohamad Safa,,"Gaza has gas. 
Sudan has gold. 
Ukraine has titanium. 
Congo has cobalt.
Venezuela has oil.

We live in a society not an economy.

Stop the wars.",threads,63436336994,mhdksafa
[],2026-01-14T09:32:53.485445+07:00,"IN THIS ECONOMY..

local brand fashion worth to buy:",2025-11-27T13:26:03+07:00,,3774913377303881972,threads,threads.com,threads_crawler_v1,https://www.threads.net/@magdatyaa/post/DRjL7dgEWj0,https://instagram.fhan4-6.fna.fbcdn.net/v/t51.2885-19/591174372_17875169889454389_2529117099333945618_n.jpg?stp=dst-jpg_s150x150_tt6&efg=eyJ2ZW5jb2RlX3RhZyI6InByb2ZpbGVfcGljLmRqYW5nby4xMDgwLmMyIn0&_nc_ht=instagram.fhan4-6.fna.fbcdn.net&_nc_cat=109&_nc_oc=Q6cZ2QHpwHg6-L2MXGmfrLwn4iNyLxLkzstAiK_eLU0828T1ddndV-yRdR_7GhpzrF3x4gI&_nc_ohc=wM_cUMrB7CcQ7kNvwFurVmp&_nc_gid=wOIvfF_b7CQaO_on_8nVzA&edm=AJhczIQBAAAA&ccb=7-5&oh=00_AfpY8CFKmAskaxkCkH8lJnAonJuPIpWd56R19T29FKFupg&oe=696CEDB8&_nc_sid=4a2096,15,0,4820,848,0,['https://instagram.fhan4-6.fna.fbcdn.net/v/t51.2885-15/590814666_17873254146454389_2473878215105506928_n.webp?efg=eyJ2ZW5jb2RlX3RhZyI6InRocmVhZHMuQ0FST1VTRUxfSVRFTS5pbWFnZV91cmxnZW4uMTA4MHgxMDgwLnNkci5mODI3ODcuZGVmYXVsdF9pbWFnZS5jMiJ9&_nc_ht=instagram.fhan4-6.fna.fbcdn.net&_nc_cat=109&_nc_oc=Q6cZ2QHpwHg6-L2MXGmfrLwn4iNyLxLkzstAiK_eLU0828T1ddndV-yRdR_7GhpzrF3x4gI&_nc_ohc=I537baIXBTcQ7kNvwF7z99Q&_nc_gid=wOIvfF_b7CQaO_on_8nVzA&edm=AJhczIQBAAAA&ccb=7-5&ig_cache_key=Mzc3NDkxMzM3MjY4MTc2MjA3OA%3D%3D.3-ccb7-5&oh=00_AfqpqlvkAl0hIS3gfh_85I3TTHGLIOu82fSKw2Av_7hUBQ&oe=696CE7E1&_nc_sid=4a2096'],,https://www.threads.net/@magdatyaa/post/DRjL7dgEWj0,[],"{'likes': 4820, 'reposts': 831, 'quotes': 17}",threads,3774913377303881972,room decor | daily life,,"IN THIS ECONOMY..

local brand fashion worth to buy:",threads,73520094388,magdatyaa
[],2026-01-14T09:32:53.485477+07:00,"I’m so SICK of people telling me to shut up about Trump and the US because I’m Danish. 

He has THREATENED Denmark, Greenland, Canada - and so many others. 

He has HUMILIATED Ukraine, supported Putin and is a menace to liberals in the US.

He’s breaking national and international law and doesn’t care if he WRECKS the world’s economy and safety.

He’s a DANGER to the world. 

He’s an evil, orange clown - and I will say WHATEVER THE HELL I WANT!",2026-01-04T17:32:46+07:00,,3802579034295820794,threads,threads.com,threads_crawler_v1,https://www.threads.net/@linmakron/post/DTFeXwZjOH6,https://instagram.fhan3-3.fna.fbcdn.net/v/t51.2885-19/476138557_1015613563934909_840413739592105116_n.jpg?stp=dst-jpg_s150x150_tt6&efg=eyJ2ZW5jb2RlX3RhZyI6InByb2ZpbGVfcGljLmRqYW5nby45NTguYzIifQ&_nc_ht=instagram.fhan3-3.fna.fbcdn.net&_nc_cat=1&_nc_oc=Q6cZ2QHpwHg6-L2MXGmfrLwn4iNyLxLkzstAiK_eLU0828T1ddndV-yRdR_7GhpzrF3x4gI&_nc_ohc=5-JAf4MUzrUQ7kNvwGUTjeM&_nc_gid=wOIvfF_b7CQaO_on_8nVzA&edm=AJhczIQBAAAA&ccb=7-5&oh=00_AfrIHttt8Mjpx5MDfE8WIWJ7VDBcqDaGiwk53etaeA0j2A&oe=696CBEE9&_nc_sid=4a2096,5641,0,58173,2217,0,[],,https://www.threads.net/@linmakron/post/DTFeXwZjOH6,[],"{'likes': 58173, 'reposts': 2138, 'quotes': 79}",threads,3802579034295820794,Lin Makron,,"I’m so SICK of people telling me to shut up about Trump and the US because I’m Danish. 

He has THREATENED Denmark, Greenland, Canada - and so many others. 

He has HUMILIATED Ukraine, supported Putin and is a menace to liberals in the US.

He’s breaking national and international law and doesn’t care if he WRECKS the world’s economy and safety.

He’s a DANGER to the world. 

He’s an evil, orange clown - and I will say WHATEVER THE HELL I WANT!",threads,68542934953,linmakron
[],2026-01-14T09:32:53.485524+07:00,"IN THIS ECONOMY.... kita usahakan pelan-pelan untuk beralih ke parfum brand lokal aja.... affordable, NO OVERCLAIM, dan wanginya mayan awet👍🏻💯",2025-09-30T22:01:28+07:00,,3733135801942471257,threads,threads.com,threads_crawler_v1,https://www.threads.net/@amaliyakusumaa/post/DPOwzudEvJZ,https://instagram.fhan4-6.fna.fbcdn.net/v/t51.2885-19/589019235_17981498957944029_7173273250507996282_n.jpg?stp=dst-jpg_s150x150_tt6&efg=eyJ2ZW5jb2RlX3RhZyI6InByb2ZpbGVfcGljLmRqYW5nby4xMDgwLmMyIn0&_nc_ht=instagram.fhan4-6.fna.fbcdn.net&_nc_cat=109&_nc_oc=Q6cZ2QHpwHg6-L2MXGmfrLwn4iNyLxLkzstAiK_eLU0828T1ddndV-yRdR_7GhpzrF3x4gI&_nc_ohc=GcJ1aZkGomMQ7kNvwHkYKMQ&_nc_gid=wOIvfF_b7CQaO_on_8nVzA&edm=AJhczIQBAAAA&ccb=7-5&oh=00_AfobXXt8GAkNKGt6cRV7V2X0GdksZchQgY3PhMmvRqB02g&oe=696CCA35&_nc_sid=4a2096,118,0,6010,1225,0,['https://instagram.fhan4-6.fna.fbcdn.net/v/t51.2885-15/555539808_17883674520385208_6480890787810806364_n.jpg?stp=dst-jpg_e35_tt6&efg=eyJ2ZW5jb2RlX3RhZyI6InRocmVhZHMuQ0FST1VTRUxfSVRFTS5pbWFnZV91cmxnZW4uMTI5MHgxNzIwLnNkci5mODI3ODcuZGVmYXVsdF9pbWFnZS5jMiJ9&_nc_ht=instagram.fhan4-6.fna.fbcdn.net&_nc_cat=108&_nc_oc=Q6cZ2QHpwHg6-L2MXGmfrLwn4iNyLxLkzstAiK_eLU0828T1ddndV-yRdR_7GhpzrF3x4gI&_nc_ohc=lPFTqKJDcIAQ7kNvwGAzMeK&_nc_gid=wOIvfF_b7CQaO_on_8nVzA&edm=AJhczIQBAAAA&ccb=7-5&ig_cache_key=MzczMzEzNTc5MjA5NDIyMzM1NQ%3D%3D.3-ccb7-5&oh=00_Afqshzhn94fDghj_2goIcKlhlabMg3u_FhufHTzIUWtgaQ&oe=696CD06C&_nc_sid=4a2096'],,https://www.threads.net/@amaliyakusumaa/post/DPOwzudEvJZ,[],"{'likes': 6010, 'reposts': 1215, 'quotes': 10}",threads,3733135801942471257,amaliya,,"IN THIS ECONOMY.... kita usahakan pelan-pelan untuk beralih ke parfum brand lokal aja.... affordable, NO OVERCLAIM, dan wanginya mayan awet👍🏻💯",threads,71681313207,amaliyakusumaa
[],2026-01-14T09:32:53.485569+07:00,In this economy ayoo keluarkan semua life hack kalian yang bikin hidup lebih ekonomis dan efisien ♻️,2025-07-31T15:11:12+07:00,,3688717989416980873,threads,threads.com,threads_crawler_v1,https://www.threads.net/@gtwdst/post/DMw9Xe7ytGJ,https://instagram.fhan4-5.fna.fbcdn.net/v/t51.2885-19/519675234_17914420086118946_5929554378807120367_n.jpg?stp=dst-jpg_s150x150_tt6&efg=eyJ2ZW5jb2RlX3RhZyI6InByb2ZpbGVfcGljLmRqYW5nby4xMDgwLmMyIn0&_nc_ht=instagram.fhan4-5.fna.fbcdn.net&_nc_cat=102&_nc_oc=Q6cZ2QHpwHg6-L2MXGmfrLwn4iNyLxLkzstAiK_eLU0828T1ddndV-yRdR_7GhpzrF3x4gI&_nc_ohc=lbUTqioUU-4Q7kNvwE1wHrU&_nc_gid=wOIvfF_b7CQaO_on_8nVzA&edm=AJhczIQBAAAA&ccb=7-5&oh=00_AfolxtA2yF0fuJ6i--m6b4ptb3Gafn1oHViVIOnn6eWs3g&oe=696CC4F7&_nc_sid=4a2096,1026,0,5261,1148,0,[],,https://www.threads.net/@gtwdst/post/DMw9Xe7ytGJ,[],"{'likes': 5261, 'reposts': 1130, 'quotes': 18}",threads,3688717989416980873,⋆｡˚ ☁︎ ˚｡⋆｡˚☽˚｡⋆,,In this economy ayoo keluarkan semua life hack kalian yang bikin hidup lebih ekonomis dan efisien ♻️,threads,63423494945,gtwdst
[],2026-01-14T09:32:53.485652+07:00,"자꾸 상급지 상급지 해서 
찐 스레드 상급지 풀어줌. 

거시 경제 @meta_93ch 
경제분석가 @bstory_economy 
저속노화 @haruban_111 
시간과경제자유 @jingammmm 
미라클모닝 @5_daily_miracle_ 
인테리어 @jihoon_iw 
Sns로 월천 @sohee__jung 
비트코인 @gten_btc 
릴스 최강자 @crea__tus 
브랜딩 @careernomad_ 
돈 공부 @yoshisam_rich 
블로그 @orina_blog 
인스타 브랜딩 @achiever2520 
디지털 노마드 @nomasad7 
취업 @allpass_everything 
억만장자 메신저 @super_writer12 
영어공부 @youroliverse 
N잡 @kind.njob 
짱인사이트 @zzang_insight 
찐고수 퀸트투자 @jaeminyxjames 
코인 찐고수 @insa_ngmin 
경제공부 @chaem_mii 
인생우상향 @sunnin_7",2025-08-26T19:17:43+07:00,,3707686235110952029,threads,threads.com,threads_crawler_v1,https://www.threads.net/@1pro_male/post/DN0WPyWZMxd,https://instagram.fhan4-3.fna.fbcdn.net/v/t51.2885-19/558908696_18428902642098804_6042057351591385640_n.jpg?stp=dst-jpg_s150x150_tt6&efg=eyJ2ZW5jb2RlX3RhZyI6InByb2ZpbGVfcGljLmRqYW5nby45MDkuYzIifQ&_nc_ht=instagram.fhan4-3.fna.fbcdn.net&_nc_cat=100&_nc_oc=Q6cZ2QHpwHg6-L2MXGmfrLwn4iNyLxLkzstAiK_eLU0828T1ddndV-yRdR_7GhpzrF3x4gI&_nc_ohc=xEFMU3um0tcQ7kNvwE6N2HX&_nc_gid=wOIvfF_b7CQaO_on_8nVzA&edm=AJhczIQBAAAA&ccb=7-5&oh=00_Afo-YFjAlp5RZRjoTeNwhMNDib0ztYIdJtInADoKxYbIKA&oe=696CB726&_nc_sid=4a2096,96,0,389,165,0,[],,https://www.threads.net/@1pro_male/post/DN0WPyWZMxd,[],"{'likes': 389, 'reposts': 162, 'quotes': 3}",threads,3707686235110952029,일프로 서승완,쓰레드 상급지,"자꾸 상급지 상급지 해서 
찐 스레드 상급지 풀어줌. 

거시 경제 @meta_93ch 
경제분석가 @bstory_economy 
저속노화 @haruban_111 
시간과경제자유 @jingammmm 
미라클모닝 @5_daily_miracle_ 
인테리어 @jihoon_iw 
Sns로 월천 @sohee__jung 
비트코인 @gten_btc 
릴스 최강자 @crea__tus 
브랜딩 @careernomad_ 
돈 공부 @yoshisam_rich 
블로그 @orina_blog 
인스타 브랜딩 @achiever2520 
디지털 노마드 @nomasad7 
취업 @allpass_everything 
억만장자 메신저 @super_writer12 
영어공부 @youroliverse 
N잡 @kind.njob 
짱인사이트 @zzang_insight 
찐고수 퀸트투자 @jaeminyxjames 
코인 찐고수 @insa_ngmin 
경제공부 @chaem_mii 
인생우상향 @sunnin_7",threads,63443897946,1pro_male
[],2026-01-14T09:32:53.485702+07:00,"footwear lokal never goes wrong 😭👌🏻 in this economy, punya sandal yang stylish, nyaman, dan awet tuh bener2 investasi paling worth it 💯",2025-09-20T21:56:48+07:00,,3725885697346314065,threads,threads.com,threads_crawler_v1,https://www.threads.net/@roselymarchela/post/DO1AU0YCR9R,https://instagram.fhan3-3.fna.fbcdn.net/v/t51.2885-19/499419574_17863431027400141_2011317018134039632_n.jpg?stp=dst-jpg_s150x150_tt6&efg=eyJ2ZW5jb2RlX3RhZyI6InByb2ZpbGVfcGljLmRqYW5nby4xMDgwLmMyIn0&_nc_ht=instagram.fhan3-3.fna.fbcdn.net&_nc_cat=101&_nc_oc=Q6cZ2QHpwHg6-L2MXGmfrLwn4iNyLxLkzstAiK_eLU0828T1ddndV-yRdR_7GhpzrF3x4gI&_nc_ohc=S7D1hQgRPGUQ7kNvwHiJK3-&_nc_gid=wOIvfF_b7CQaO_on_8nVzA&edm=AJhczIQBAAAA&ccb=7-5&oh=00_AfraSUPfPUInEo0wuiMkaRdAv8FDdVL44gekwMAil9DAgQ&oe=696CC68C&_nc_sid=4a2096,89,0,7710,1942,0,['https://instagram.fhan3-3.fna.fbcdn.net/v/t51.2885-15/551064801_17878988532400141_5711072957978340970_n.jpg?stp=dst-jpg_e35_tt6&efg=eyJ2ZW5jb2RlX3RhZyI6InRocmVhZHMuQ0FST1VTRUxfSVRFTS5pbWFnZV91cmxnZW4uMTQ0MHgxOTIwLnNkci5mODI3ODcuZGVmYXVsdF9pbWFnZS5jMiJ9&_nc_ht=instagram.fhan3-3.fna.fbcdn.net&_nc_cat=101&_nc_oc=Q6cZ2QHpwHg6-L2MXGmfrLwn4iNyLxLkzstAiK_eLU0828T1ddndV-yRdR_7GhpzrF3x4gI&_nc_ohc=bQUFAEgeEsIQ7kNvwFp2uHN&_nc_gid=wOIvfF_b7CQaO_on_8nVzA&edm=AJhczIQBAAAA&ccb=7-5&ig_cache_key=MzcyNTg4NTY5MDI3NDcyODMzNA%3D%3D.3-ccb7-5&oh=00_Afqvh6x5ob7AicOfMPCkvnTRK4FLYXwp0flVRHFeqYKQEQ&oe=696CECFD&_nc_sid=4a2096'],,https://www.threads.net/@roselymarchela/post/DO1AU0YCR9R,[],"{'likes': 7710, 'reposts': 1925, 'quotes': 17}",threads,3725885697346314065,Rosely Marchela,,"footwear lokal never goes wrong 😭👌🏻 in this economy, punya sandal yang stylish, nyaman, dan awet tuh bener2 investasi paling worth it 💯",threads,72215360140,roselymarchela
[],2026-01-14T09:32:53.485751+07:00,"If Trump invades Greenland, military conflict is the least of Americans' concerns. You don't need weapons to bring the US to its knees with its nearly $40 trillion in debt. The rest of the world can collectively dump US bonds & drop the US dollar as the global reserve currency for the Euro & send it into hyperinflation overnight, annihilating the US economy & completely isolating America in the process. Doesn't matter how big your military is if you can't afford to feed & pay your soldiers.",2026-01-07T06:27:07+07:00,,3804418328974338754,threads,threads.com,threads_crawler_v1,https://www.threads.net/@graemefrisque/post/DTMAlBDgCrC,https://instagram.fhan4-5.fna.fbcdn.net/v/t51.2885-19/497887716_17909210484111086_4553183482626256854_n.jpg?stp=dst-jpg_s150x150_tt6&efg=eyJ2ZW5jb2RlX3RhZyI6InByb2ZpbGVfcGljLmRqYW5nby4xMDgwLmMyIn0&_nc_ht=instagram.fhan4-5.fna.fbcdn.net&_nc_cat=102&_nc_oc=Q6cZ2QHpwHg6-L2MXGmfrLwn4iNyLxLkzstAiK_eLU0828T1ddndV-yRdR_7GhpzrF3x4gI&_nc_ohc=jgdXApUUQ0YQ7kNvwF1T-jp&_nc_gid=wOIvfF_b7CQaO_on_8nVzA&edm=AJhczIQBAAAA&ccb=7-5&oh=00_AfoRfhxn_mtRj4oW8KcHZZv4-fOsKOI0mAn5f52S1fGKgw&oe=696CBA64&_nc_sid=4a2096,628,0,7618,781,0,[],,https://www.threads.net/@graemefrisque/post/DTMAlBDgCrC,[],"{'likes': 7618, 'reposts': 739, 'quotes': 42}",threads,3804418328974338754,Graeme Frisque,Greenland,"If Trump invades Greenland, military conflict is the least of Americans' concerns. You don't need weapons to bring the US to its knees with its nearly $40 trillion in debt. The rest of the world can collectively dump US bonds & drop the US dollar as the global reserve currency for the Euro & send it into hyperinflation overnight, annihilating the US economy & completely isolating America in the process. Doesn't matter how big your military is if you can't afford to feed & pay your soldiers.",threads,63215239085,graemefrisque
[],2026-01-14T09:32:53.485804+07:00,"Got my own sugar, don’t need your permission to feel sexy… but let’s be real, in this economy, even Daddy wouldn’t mind a little stimulus package. 💸😏 And if a thirst trap just so happens to boost the GDP (Gay Daddy Potential), well… call it trickle-down economics. 😛

#thirsttrappin #SweetButNotForSale #GayDaddy #Muscle #PhillyFit #BeardGang #Instagay #GayMuscle #PhillyGay #BeardedMen #GayBeard #GayFitness",2025-03-02T01:52:56+07:00,,3578875069628773799,threads,threads.com,threads_crawler_v1,https://www.threads.net/@justindile/post/DGqt-oEuXWn,https://instagram.fhan4-3.fna.fbcdn.net/v/t51.2885-19/358014002_815606846835840_4310785449126636203_n.jpg?stp=dst-jpg_s150x150_tt6&efg=eyJ2ZW5jb2RlX3RhZyI6InByb2ZpbGVfcGljLmRqYW5nby4xMDgwLmMyIn0&_nc_ht=instagram.fhan4-3.fna.fbcdn.net&_nc_cat=100&_nc_oc=Q6cZ2QHpwHg6-L2MXGmfrLwn4iNyLxLkzstAiK_eLU0828T1ddndV-yRdR_7GhpzrF3x4gI&_nc_ohc=XlCN5WQGqGgQ7kNvwGA79ET&_nc_gid=wOIvfF_b7CQaO_on_8nVzA&edm=AJhczIQBAAAA&ccb=7-5&oh=00_AfooNiKWOIjc_N3Ez6tzBel2DQfMhUzvaKd2ZzptVJ1VRQ&oe=696CBF1B&_nc_sid=4a2096,6,0,81,1,0,['https://instagram.fhan3-2.fna.fbcdn.net/v/t51.2885-15/482128977_18493157362048975_1622233153847182416_n.jpg?se=-1&stp=dst-jpegr_e35_tt6&efg=eyJ2ZW5jb2RlX3RhZyI6InRocmVhZHMuRkVFRC5pbWFnZV91cmxnZW4uMTQ0MHgxODAwLmhkci5mNzU3NjEuZGVmYXVsdF9pbWFnZS5jMiJ9&_nc_ht=instagram.fhan3-2.fna.fbcdn.net&_nc_cat=107&_nc_oc=Q6cZ2QHpwHg6-L2MXGmfrLwn4iNyLxLkzstAiK_eLU0828T1ddndV-yRdR_7GhpzrF3x4gI&_nc_ohc=yQRsBvfcqzYQ7kNvwFj9V9A&_nc_gid=wOIvfF_b7CQaO_on_8nVzA&edm=AJhczIQBAAAA&ccb=7-5&ig_cache_key=MzU3ODg3NTA2OTYyODc3Mzc5OQ%3D%3D.3-ccb7-5&oh=00_Afq4TXmDYri6CXu1EPOw_49h3eI4prPm-56gz5gnqVU6_g&oe=696CCCCC&_nc_sid=4a2096'],,https://www.threads.net/@justindile/post/DGqt-oEuXWn,[],"{'likes': 81, 'reposts': 1, 'quotes': 0}",threads,3578875069628773799,Justin Dile,,"Got my own sugar, don’t need your permission to feel sexy… but let’s be real, in this economy, even Daddy wouldn’t mind a little stimulus package. 💸😏 And if a thirst trap just so happens to boost the GDP (Gay Daddy Potential), well… call it trickle-down economics. 😛

#thirsttrappin #SweetButNotForSale #GayDaddy #Muscle #PhillyFit #BeardGang #Instagay #GayMuscle #PhillyGay #BeardedMen #GayBeard #GayFitness",threads,63150436579,justindile
[],2026-01-14T09:32:53.485855+07:00,"Finding a single, stable, 30+ man with no kids is like a needle in a haystack in this economy.",2025-11-24T21:55:38+07:00,,3772995530247816526,threads,threads.com,threads_crawler_v1,https://www.threads.net/@damnranda_/post/DRcX3HPjsVO,https://instagram.fhan4-5.fna.fbcdn.net/v/t51.2885-19/472873329_1134984465090399_168040023484391088_n.jpg?stp=dst-jpg_s150x150_tt6&efg=eyJ2ZW5jb2RlX3RhZyI6InByb2ZpbGVfcGljLmRqYW5nby45NTguYzIifQ&_nc_ht=instagram.fhan4-5.fna.fbcdn.net&_nc_cat=103&_nc_oc=Q6cZ2QG0ofGJGz1sZlRzWS3EKavRyXETHGCtNfkG04eXnNANSoI5UIqChixYCujFF9Xep1A&_nc_ohc=oyfhhqSKIb8Q7kNvwGs7qkK&_nc_gid=q0eCHaKCiBtUb0mfO3J6ZA&edm=AJhczIQBAAAA&ccb=7-5&oh=00_AfozzsD4R9S1-OahAVlNlm__lOL2w4xk_R8QA3k8h4_vyg&oe=696CBF5C&_nc_sid=4a2096,217,0,440,58,0,[],,https://www.threads.net/@damnranda_/post/DRcX3HPjsVO,[],"{'likes': 440, 'reposts': 53, 'quotes': 5}",threads,3772995530247816526,R a n d a ☻,DALLAS,"Finding a single, stable, 30+ man with no kids is like a needle in a haystack in this economy.",threads,72005381386,damnranda_
[],2026-01-14T09:32:53.485902+07:00,"A book for people who'd like to improve reading skills in Korean 👇🏻

This book focuses on Korean reading skills. The chapters are divided into 5 categories (Society, Literature, Science, Economy & History).",2025-08-24T17:21:40+07:00,,3706178270776411996,threads,threads.com,threads_crawler_v1,https://www.threads.net/@avocadoberry23/post/DNu_YBH5kdc,https://instagram.fhan4-5.fna.fbcdn.net/v/t51.2885-19/473027314_1316768096233683_7644918716309646538_n.jpg?stp=dst-jpg_s150x150_tt6&efg=eyJ2ZW5jb2RlX3RhZyI6InByb2ZpbGVfcGljLmRqYW5nby4xMDI0LmMyIn0&_nc_ht=instagram.fhan4-5.fna.fbcdn.net&_nc_cat=103&_nc_oc=Q6cZ2QG0ofGJGz1sZlRzWS3EKavRyXETHGCtNfkG04eXnNANSoI5UIqChixYCujFF9Xep1A&_nc_ohc=DSx2wlsrQC4Q7kNvwEdYpnh&_nc_gid=q0eCHaKCiBtUb0mfO3J6ZA&edm=AJhczIQBAAAA&ccb=7-5&oh=00_Afotr46vgoiNnMcJ448-Gp1KdelpdrBK1smHdFy7IKjdlg&oe=696CEA9B&_nc_sid=4a2096,18,0,382,67,0,['https://instagram.fhan4-1.fna.fbcdn.net/v/t51.2885-15/537979756_17875088664403733_7555652579064684450_n.webp?efg=eyJ2ZW5jb2RlX3RhZyI6InRocmVhZHMuQ0FST1VTRUxfSVRFTS5pbWFnZV91cmxnZW4uMTA3NngxNTE2LnNkci5mODI3ODcuZGVmYXVsdF9pbWFnZS5jMiJ9&_nc_ht=instagram.fhan4-1.fna.fbcdn.net&_nc_cat=105&_nc_oc=Q6cZ2QG0ofGJGz1sZlRzWS3EKavRyXETHGCtNfkG04eXnNANSoI5UIqChixYCujFF9Xep1A&_nc_ohc=ZtRladzPHcEQ7kNvwGAleE1&_nc_gid=q0eCHaKCiBtUb0mfO3J6ZA&edm=AJhczIQBAAAA&ccb=7-5&ig_cache_key=MzcwNjE3ODI2NTMzMjIxMjI5MQ%3D%3D.3-ccb7-5&oh=00_AfrjpMm8ytABy_nEr1So8TFIvabqOwAsR-oFslcJXtDx2g&oe=696CBA6A&_nc_sid=4a2096'],,https://www.threads.net/@avocadoberry23/post/DNu_YBH5kdc,[],"{'likes': 382, 'reposts': 67, 'quotes': 0}",threads,3706178270776411996,사사 - Korean Learner,learnkorean,"A book for people who'd like to improve reading skills in Korean 👇🏻

This book focuses on Korean reading skills. The chapters are divided into 5 categories (Society, Literature, Science, Economy & History).",threads,72013795732,avocadoberry23
[],2026-01-14T09:32:53.485997+07:00,"in this economy, para cewe harus tetap perawatan ya! 🩷👀 di Jakarta masih ada loh harga segini :

1. Scalling gigi 149K
2. Facial Under 200K
3. Manicure + Pedicure 110K
4. Padel + Tennis under 200K
5. Pilates + Yoga under 100K
6. Full Body Massage 120K
7. Japanese Head Spa 120K
8. Creambath 55K
9. Browboomber + Lashlift 300K
10. Gym 25K-per jam 

kata siapa kalau perawatan selalu mahal?",2025-11-19T23:53:11+07:00,,3769430820101725092,threads,threads.com,threads_crawler_v1,https://www.threads.net/@dinradhani/post/DRPtVwNkpuk,https://instagram.fhan3-3.fna.fbcdn.net/v/t51.2885-19/588440518_17934665958108433_3012397102470027036_n.jpg?stp=dst-jpg_s150x150_tt6&efg=eyJ2ZW5jb2RlX3RhZyI6InByb2ZpbGVfcGljLmRqYW5nby4xMDgwLmMyIn0&_nc_ht=instagram.fhan3-3.fna.fbcdn.net&_nc_cat=101&_nc_oc=Q6cZ2QG0ofGJGz1sZlRzWS3EKavRyXETHGCtNfkG04eXnNANSoI5UIqChixYCujFF9Xep1A&_nc_ohc=n7uwyFqaOgkQ7kNvwGIutOb&_nc_gid=q0eCHaKCiBtUb0mfO3J6ZA&edm=AJhczIQBAAAA&ccb=7-5&oh=00_AfrsPHIw9qSYU9FPQ6SC7xfnhkDvQSnQ039Hvdh7fqmn-w&oe=696CCF6C&_nc_sid=4a2096,235,0,1480,180,0,[],,https://www.threads.net/@dinradhani/post/DRPtVwNkpuk,[],"{'likes': 1480, 'reposts': 177, 'quotes': 3}",threads,3769430820101725092,,in this economy,"in this economy, para cewe harus tetap perawatan ya! 🩷👀 di Jakarta masih ada loh harga segini :

1. Scalling gigi 149K
2. Facial Under 200K
3. Manicure + Pedicure 110K
4. Padel + Tennis under 200K
5. Pilates + Yoga under 100K
6. Full Body Massage 120K
7. Japanese Head Spa 120K
8. Creambath 55K
9. Browboomber + Lashlift 300K
10. Gym 25K-per jam 

kata siapa kalau perawatan selalu mahal?",threads,63250892432,dinradhani
[],2026-01-14T09:32:53.486063+07:00,"Good bye Uniqlo & H&M 🙏
In this economy…
buat kaum mendang-mending,
brand lokal ini lebih masuk akal harganya,
tapi kualitasnya nggak kalah bagus dari brand luar.
1. Kemeja basic : Hulm
2. Kemeja casual : Heclo
3. Korean style top : Posha
4. Celana kain : Yeona 
5. Cardingan : Kiyorawears
6. Celana jeans : Ladouce
7. Kaos lolos : Joybasic",2026-01-01T18:26:11+07:00,,3800431593027405140,threads,threads.com,threads_crawler_v1,https://www.threads.net/@hidanh_25/post/DS92GX3kgVU,https://instagram.fhan3-4.fna.fbcdn.net/v/t51.2885-19/582547293_17897905983341284_1894136076536241866_n.jpg?stp=dst-jpg_s150x150_tt6&efg=eyJ2ZW5jb2RlX3RhZyI6InByb2ZpbGVfcGljLmRqYW5nby4xMDgwLmMyIn0&_nc_ht=instagram.fhan3-4.fna.fbcdn.net&_nc_cat=104&_nc_oc=Q6cZ2QG0ofGJGz1sZlRzWS3EKavRyXETHGCtNfkG04eXnNANSoI5UIqChixYCujFF9Xep1A&_nc_ohc=TlAgnGLrDBYQ7kNvwGxFgPE&_nc_gid=q0eCHaKCiBtUb0mfO3J6ZA&edm=AJhczIQBAAAA&ccb=7-5&oh=00_Afrn4-9do0PQ2chqxBoOyhHs4BXfvSYgF_oSYKWm2Saqlg&oe=696CDE98&_nc_sid=4a2096,51,0,2929,849,0,['https://instagram.fhan3-4.fna.fbcdn.net/v/t51.2885-15/610644731_17903010414341284_7602575071573643966_n.jpg?stp=dst-jpg_e35_tt6&efg=eyJ2ZW5jb2RlX3RhZyI6InRocmVhZHMuQ0FST1VTRUxfSVRFTS5pbWFnZV91cmxnZW4uMTA4MHgxMDcxLnNkci5mODI3ODcuZGVmYXVsdF9pbWFnZS5jMiJ9&_nc_ht=instagram.fhan3-4.fna.fbcdn.net&_nc_cat=104&_nc_oc=Q6cZ2QG0ofGJGz1sZlRzWS3EKavRyXETHGCtNfkG04eXnNANSoI5UIqChixYCujFF9Xep1A&_nc_ohc=uTX4_TvsS2EQ7kNvwH4T7-g&_nc_gid=q0eCHaKCiBtUb0mfO3J6ZA&edm=AJhczIQBAAAA&ccb=7-5&ig_cache_key=MzgwMDQzMTU4NjgzNjYxNTI5Mw%3D%3D.3-ccb7-5&oh=00_Afr-yHNhR86WeyzyuAiMayLJVe0SvQyjB4MHwYx2hVWwwA&oe=696CC520&_nc_sid=4a2096'],,https://www.threads.net/@hidanh_25/post/DS92GX3kgVU,[],"{'likes': 2929, 'reposts': 841, 'quotes': 8}",threads,3800431593027405140,Nur hidayah,,"Good bye Uniqlo & H&M 🙏
In this economy…
buat kaum mendang-mending,
brand lokal ini lebih masuk akal harganya,
tapi kualitasnya nggak kalah bagus dari brand luar.
1. Kemeja basic : Hulm
2. Kemeja casual : Heclo
3. Korean style top : Posha
4. Celana kain : Yeona 
5. Cardingan : Kiyorawears
6. Celana jeans : Ladouce
7. Kaos lolos : Joybasic",threads,70238901283,hidanh_25
[],2026-01-14T09:32:53.486155+07:00,Any tips nak dapat upgrade Business Class dari economy - ✈️ Emirates. First time join Emirates account miles 🙋🏻‍♀️,2025-12-15T22:19:24+07:00,,3788227784384548094,threads,threads.com,threads_crawler_v1,https://www.threads.net/@serrarosa/post/DSSfRlYgYz-,https://instagram.fhan4-6.fna.fbcdn.net/v/t51.2885-19/605050147_17864049978544856_8119634902304997292_n.jpg?stp=dst-jpg_s150x150_tt6&efg=eyJ2ZW5jb2RlX3RhZyI6InByb2ZpbGVfcGljLmRqYW5nby4xMDgwLmMyIn0&_nc_ht=instagram.fhan4-6.fna.fbcdn.net&_nc_cat=108&_nc_oc=Q6cZ2QG0ofGJGz1sZlRzWS3EKavRyXETHGCtNfkG04eXnNANSoI5UIqChixYCujFF9Xep1A&_nc_ohc=gb5YqJaKnr8Q7kNvwF-CFbj&_nc_gid=q0eCHaKCiBtUb0mfO3J6ZA&edm=AJhczIQBAAAA&ccb=7-5&oh=00_Afr6PpcqglXnvDNNv2-VoZ1gqKUiVtfxKK5hZ3ohzH81Ww&oe=696CD34F&_nc_sid=4a2096,29,0,16,1,0,['https://instagram.fhan4-6.fna.fbcdn.net/v/t51.2885-15/586719583_17862280968544856_4875371627676771459_n.jpg?stp=dst-jpg_e35_tt6&efg=eyJ2ZW5jb2RlX3RhZyI6InRocmVhZHMuRkVFRC5pbWFnZV91cmxnZW4uMTE3MHgxNTMyLnNkci5mODI3ODcuZGVmYXVsdF9pbWFnZS5jMiJ9&_nc_ht=instagram.fhan4-6.fna.fbcdn.net&_nc_cat=108&_nc_oc=Q6cZ2QG0ofGJGz1sZlRzWS3EKavRyXETHGCtNfkG04eXnNANSoI5UIqChixYCujFF9Xep1A&_nc_ohc=g8LpZpPvCm0Q7kNvwGrUzl6&_nc_gid=q0eCHaKCiBtUb0mfO3J6ZA&edm=AJhczIQBAAAA&ccb=7-5&ig_cache_key=Mzc4ODIyNzc4NDM4NDU0ODA5NA%3D%3D.3-ccb7-5&oh=00_Afr9NOGKrxhBPcfDdJ-ExMACpjzbUrbm9ByXXQdoerZEIg&oe=696CC78B&_nc_sid=4a2096'],,https://www.threads.net/@serrarosa/post/DSSfRlYgYz-,[],"{'likes': 16, 'reposts': 1, 'quotes': 0}",threads,3788227784384548094,,Travel Threads,Any tips nak dapat upgrade Business Class dari economy - ✈️ Emirates. First time join Emirates account miles 🙋🏻‍♀️,threads,76489672855,serrarosa
[],2026-01-14T09:32:53.486205+07:00,The citizens of Minnesota have a choice to make. Are you going to allow a corrupt governor like Tim Walz to continue to destroy your economy and society?,2026-01-02T23:33:12+07:00,,3801310892144407273,threads,threads.com,threads_crawler_v1,https://www.threads.net/@norske_lady/post/DTA-B2_FzLp,https://instagram.fmaa12-2.fna.fbcdn.net/v/t51.2885-19/573323465_1219825463302212_7278921664109726296_n.png?stp=dst-jpg_e0_s150x150_tt6&efg=eyJ2ZW5jb2RlX3RhZyI6InByb2ZpbGVfcGljLmRqYW5nby4xNTAuYzIifQ&_nc_ht=instagram.fmaa12-2.fna.fbcdn.net&_nc_cat=1&_nc_oc=Q6cZ2QGlKbCBmHF-wrkApDOtwgDsM_D-G3RosAYJMNpm6Mf7amktmklV-Y4-hAxPuXQ1ensj3FfjaYT8wB8VlRLbxl0s&_nc_ohc=EFb4Xd8YksAQ7kNvwERm3Sr&_nc_gid=4kCPtt1Vii9al6XgmW2Vgw&edm=AFs-eF8BAAAA&ccb=7-5&ig_cache_key=YW5vbnltb3VzX3Byb2ZpbGVfcGlj.3-ccb7-5&oh=00_AfpvmYMMruuipHq0nMXU6OsWX858TMfjUI3S815A-5Ragw&oe=696CCFAA&_nc_sid=72eed0,38,0,12,0,0,[],,https://www.threads.net/@norske_lady/post/DTA-B2_FzLp,[],"{'likes': 12, 'reposts': 0, 'quotes': 0}",threads,3801310892144407273,Marge DeMell,,The citizens of Minnesota have a choice to make. Are you going to allow a corrupt governor like Tim Walz to continue to destroy your economy and society?,threads,68353443971,norske_lady
[],2026-01-14T09:32:53.486253+07:00,"Lunch at KyoChon 🍗
Total bill: RM111.50
Paid: RM59.27 with GrabPay.
In this economy, kita kena bijak . @grabfoodmy .",2025-07-10T10:01:24+07:00,,3673341767715409671,threads,threads.com,threads_crawler_v1,https://www.threads.net/@zheelyn/post/DL6VOAjSE8H,https://instagram.fhan4-5.fna.fbcdn.net/v/t51.2885-19/573522275_18537762376010859_3604612344762215287_n.jpg?stp=dst-jpg_s150x150_tt6&efg=eyJ2ZW5jb2RlX3RhZyI6InByb2ZpbGVfcGljLmRqYW5nby42MTEuYzIifQ&_nc_ht=instagram.fhan4-5.fna.fbcdn.net&_nc_cat=103&_nc_oc=Q6cZ2QG0ofGJGz1sZlRzWS3EKavRyXETHGCtNfkG04eXnNANSoI5UIqChixYCujFF9Xep1A&_nc_ohc=fARw5ZjjcRkQ7kNvwEkHtce&_nc_gid=q0eCHaKCiBtUb0mfO3J6ZA&edm=AJhczIQBAAAA&ccb=7-5&oh=00_Afrn3AXICmbTZGRqDSgnbkhf8sVClTdq_cDo2h7wTPYyIQ&oe=696CBF22&_nc_sid=4a2096,62,0,1123,210,0,['https://instagram.fhan4-3.fna.fbcdn.net/v/t51.2885-15/517959811_17890098216277536_4530457277431058669_n.jpg?stp=dst-jpg_e35_tt6&efg=eyJ2ZW5jb2RlX3RhZyI6InRocmVhZHMuRkVFRC5pbWFnZV91cmxnZW4uNzIweDEyODAuc2RyLmY4Mjc4Ny5kZWZhdWx0X2ltYWdlLmMyIn0&_nc_ht=instagram.fhan4-3.fna.fbcdn.net&_nc_cat=100&_nc_oc=Q6cZ2QG0ofGJGz1sZlRzWS3EKavRyXETHGCtNfkG04eXnNANSoI5UIqChixYCujFF9Xep1A&_nc_ohc=EAGz3GPbBr8Q7kNvwGoRvrv&_nc_gid=q0eCHaKCiBtUb0mfO3J6ZA&edm=AJhczIQBAAAA&ccb=7-5&ig_cache_key=MzY3MzM0MTc2NzcxNTQwOTY3MQ%3D%3D.3-ccb7-5&oh=00_AfrcixC_oFD-727RomPS2K7DduYIuQtPEyYgimpqkKCSCA&oe=696CBF7F&_nc_sid=4a2096'],,https://www.threads.net/@zheelyn/post/DL6VOAjSE8H,[],"{'likes': 1123, 'reposts': 208, 'quotes': 2}",threads,3673341767715409671,ZHEELYN WATCH COMPANY,,"Lunch at KyoChon 🍗
Total bill: RM111.50
Paid: RM59.27 with GrabPay.
In this economy, kita kena bijak . @grabfoodmy .",threads,68328645535,zheelyn
[],2026-01-14T09:32:53.486309+07:00,"Hello everyone!

I’m currently looking for inspiring individuals (men and women) to be featured on our radio programs. Our topics cover a wide range, from careers, fitness, economy, education, lifestyle, and beyond.

These are live talk-show where we engage in a casual conversation with our guests, exploring their personality, life journey, experiences, and more.

If you have someone in mind who would make a great guest, i’d love to hear your suggestions in the comments. Thank you!",2025-09-11T18:40:18+07:00,,3719263816258925954,threads,threads.com,threads_crawler_v1,https://www.threads.net/@anisssuhailah/post/DOderxCE7WC,https://instagram.fhan4-5.fna.fbcdn.net/v/t51.2885-19/606316902_17939307282099819_3612444044256491425_n.jpg?stp=dst-jpg_s150x150_tt6&efg=eyJ2ZW5jb2RlX3RhZyI6InByb2ZpbGVfcGljLmRqYW5nby45MjQuYzIifQ&_nc_ht=instagram.fhan4-5.fna.fbcdn.net&_nc_cat=103&_nc_oc=Q6cZ2QG0ofGJGz1sZlRzWS3EKavRyXETHGCtNfkG04eXnNANSoI5UIqChixYCujFF9Xep1A&_nc_ohc=lWjYcHfWJ7AQ7kNvwGgcToM&_nc_gid=q0eCHaKCiBtUb0mfO3J6ZA&edm=AJhczIQBAAAA&ccb=7-5&oh=00_AfrHT1FmsGcVRmYlR69yp7jJxyyPd4hEj0_BDiLND3fm6w&oe=696CCA52&_nc_sid=4a2096,353,0,1163,114,0,['https://instagram.fhan4-5.fna.fbcdn.net/v/t51.2885-15/546232914_17927069439099819_3942840709477412924_n.jpg?stp=dst-jpg_e35_tt6&efg=eyJ2ZW5jb2RlX3RhZyI6InRocmVhZHMuRkVFRC5pbWFnZV91cmxnZW4uMTQ0MHgxOTIwLnNkci5mODI3ODcuZGVmYXVsdF9pbWFnZS5jMiJ9&_nc_ht=instagram.fhan4-5.fna.fbcdn.net&_nc_cat=103&_nc_oc=Q6cZ2QG0ofGJGz1sZlRzWS3EKavRyXETHGCtNfkG04eXnNANSoI5UIqChixYCujFF9Xep1A&_nc_ohc=L8pIvQfXAFwQ7kNvwGot6Ws&_nc_gid=q0eCHaKCiBtUb0mfO3J6ZA&edm=AJhczIQBAAAA&ccb=7-5&ig_cache_key=MzcxOTI2MzgxNjI1ODkyNTk1NA%3D%3D.3-ccb7-5&oh=00_AfppxExXwYYOGhRsdCaD4iDwlpZJdJ7JDrDxInNnzftWDw&oe=696CDBD0&_nc_sid=4a2096'],,https://www.threads.net/@anisssuhailah/post/DOderxCE7WC,[],"{'likes': 1163, 'reposts': 111, 'quotes': 3}",threads,3719263816258925954,Anis Suhailah,,"Hello everyone!

I’m currently looking for inspiring individuals (men and women) to be featured on our radio programs. Our topics cover a wide range, from careers, fitness, economy, education, lifestyle, and beyond.

These are live talk-show where we engage in a casual conversation with our guests, exploring their personality, life journey, experiences, and more.

If you have someone in mind who would make a great guest, i’d love to hear your suggestions in the comments. Thank you!",threads,63077251818,anisssuhailah
[],2026-01-14T09:32:53.486356+07:00,Y’all I can’t.. Where are the REAL side hustles that ACTUALLY work?! What do y’all do for extra coin?? The 9-5 shit is cute but this can’t be our only income in THIS economy 🫠,2025-05-01T09:10:43+07:00,,3622581956948346982,threads,threads.com,threads_crawler_v1,https://www.threads.net/@realifeamazon/post/DJF_xi5pUhm,https://instagram.fhan3-2.fna.fbcdn.net/v/t51.2885-19/588189559_18542565331020355_2681747744319045092_n.jpg?stp=dst-jpg_s150x150_tt6&efg=eyJ2ZW5jb2RlX3RhZyI6InByb2ZpbGVfcGljLmRqYW5nby4xMDgwLmMyIn0&_nc_ht=instagram.fhan3-2.fna.fbcdn.net&_nc_cat=107&_nc_oc=Q6cZ2QG0ofGJGz1sZlRzWS3EKavRyXETHGCtNfkG04eXnNANSoI5UIqChixYCujFF9Xep1A&_nc_ohc=Y81fDj2DE8IQ7kNvwF2mz1x&_nc_gid=q0eCHaKCiBtUb0mfO3J6ZA&edm=AJhczIQBAAAA&ccb=7-5&oh=00_AframI_Qy5uwmMV7LkLxfrhMTUNmx--Sl6SG9KdoiRvZTQ&oe=696CBB41&_nc_sid=4a2096,740,0,4612,154,0,[],,https://www.threads.net/@realifeamazon/post/DJF_xi5pUhm,[],"{'likes': 4612, 'reposts': 144, 'quotes': 10}",threads,3622581956948346982,YASMEEN M.,,Y’all I can’t.. Where are the REAL side hustles that ACTUALLY work?! What do y’all do for extra coin?? The 9-5 shit is cute but this can’t be our only income in THIS economy 🫠,threads,63098446788,realifeamazon
[],2026-01-14T09:32:53.486405+07:00,"3 years ago this week, I was sworn in as Arizona’s 24th Governor. I’m so proud of all we’ve done since to make our state the best place to live, work, and raise a family, from growing our economy and creating jobs, to strengthening our border and lowering prescription drug costs, and more.

I don’t take for granted the trust Arizonans have placed in me, and I’m ready to keep working hard for you for another 4 years.",2026-01-06T06:49:33+07:00,,3803704839880413324,threads,threads.com,threads_crawler_v1,https://www.threads.net/@katie4az/post/DTJeWYjgZCM,https://instagram.fhan4-3.fna.fbcdn.net/v/t51.2885-19/560924489_17862445467495624_6774820008037155195_n.jpg?stp=dst-jpg_s150x150_tt6&efg=eyJ2ZW5jb2RlX3RhZyI6InByb2ZpbGVfcGljLmRqYW5nby40NjcuYzIifQ&_nc_ht=instagram.fhan4-3.fna.fbcdn.net&_nc_cat=100&_nc_oc=Q6cZ2QG0ofGJGz1sZlRzWS3EKavRyXETHGCtNfkG04eXnNANSoI5UIqChixYCujFF9Xep1A&_nc_ohc=UUud_6-By8kQ7kNvwGqErd-&_nc_gid=q0eCHaKCiBtUb0mfO3J6ZA&edm=AJhczIQBAAAA&ccb=7-5&oh=00_Afo3EMkpZlR5dqxaT5JzFu9-B8RDoIhMhKDJDIeoAmqnGA&oe=696CC3A6&_nc_sid=4a2096,232,0,568,13,0,['https://instagram.fhan3-2.fna.fbcdn.net/v/t51.2885-15/610288010_18035853191741239_2583865514490078113_n.jpg?stp=dst-jpg_e35_tt6&efg=eyJ2ZW5jb2RlX3RhZyI6InRocmVhZHMuRkVFRC5pbWFnZV91cmxnZW4uMTExNXg4OTIuc2RyLmY4Mjc4Ny5kZWZhdWx0X2ltYWdlLmMyIn0&_nc_ht=instagram.fhan3-2.fna.fbcdn.net&_nc_cat=107&_nc_oc=Q6cZ2QG0ofGJGz1sZlRzWS3EKavRyXETHGCtNfkG04eXnNANSoI5UIqChixYCujFF9Xep1A&_nc_ohc=s_8-50E7q-oQ7kNvwF2nZ7L&_nc_gid=q0eCHaKCiBtUb0mfO3J6ZA&edm=AJhczIQBAAAA&ccb=7-5&ig_cache_key=MzgwMzcwNDgzOTg4MDQxMzMyNA%3D%3D.3-ccb7-5&oh=00_AfrjOPu4GIuvJwnhSRqsvvumD6pN88j9v5ajZYEuBfABiw&oe=696CDBBD&_nc_sid=4a2096'],,https://www.threads.net/@katie4az/post/DTJeWYjgZCM,[],"{'likes': 568, 'reposts': 11, 'quotes': 2}",threads,3803704839880413324,Governor Katie Hobbs,,"3 years ago this week, I was sworn in as Arizona’s 24th Governor. I’m so proud of all we’ve done since to make our state the best place to live, work, and raise a family, from growing our economy and creating jobs, to strengthening our border and lowering prescription drug costs, and more.

I don’t take for granted the trust Arizonans have placed in me, and I’m ready to keep working hard for you for another 4 years.",threads,74815703623,katie4az
[],2026-01-14T09:32:53.486450+07:00,"The jobs report that came out this morning shows something interesting happening in the labor market.

The US economy only added 50,000 jobs in December, which sounds like a solid number on the surface but it's actually a significant miss from what economists were predicting. 

They had expected around 66,000 new jobs, so we fell short by about 16,000. 

That's roughly 24% below expectations, which is a material shortfall.",2026-01-09T20:52:27+07:00,,3806303382185809498,threads,threads.com,threads_crawler_v1,https://www.threads.net/@thestockmarket.news/post/DTStMJqjZZa,https://instagram.fhan3-4.fna.fbcdn.net/v/t51.2885-19/488826429_2148221548946886_6991226316029145577_n.jpg?stp=dst-jpg_s150x150_tt6&efg=eyJ2ZW5jb2RlX3RhZyI6InByb2ZpbGVfcGljLmRqYW5nby40MTYuYzIifQ&_nc_ht=instagram.fhan3-4.fna.fbcdn.net&_nc_cat=106&_nc_oc=Q6cZ2QG0ofGJGz1sZlRzWS3EKavRyXETHGCtNfkG04eXnNANSoI5UIqChixYCujFF9Xep1A&_nc_ohc=89jsXJ76T84Q7kNvwGH8ZOw&_nc_gid=q0eCHaKCiBtUb0mfO3J6ZA&edm=AJhczIQBAAAA&ccb=7-5&oh=00_AfopB5d9bCSMzm4zniDUf56RiOFyaHgy0uvKOURWB9u6XQ&oe=696CEB1B&_nc_sid=4a2096,32,0,185,18,0,['https://instagram.fhan4-1.fna.fbcdn.net/v/t51.2885-15/612439292_17885051667425465_637520089315370778_n.jpg?stp=dst-jpg_e35_tt6&efg=eyJ2ZW5jb2RlX3RhZyI6InRocmVhZHMuRkVFRC5pbWFnZV91cmxnZW4uMTA3OXg5OTYuc2RyLmY4Mjc4Ny5kZWZhdWx0X2ltYWdlLmMyIn0&_nc_ht=instagram.fhan4-1.fna.fbcdn.net&_nc_cat=105&_nc_oc=Q6cZ2QG0ofGJGz1sZlRzWS3EKavRyXETHGCtNfkG04eXnNANSoI5UIqChixYCujFF9Xep1A&_nc_ohc=YY0OWdpPlaYQ7kNvwHoaKch&_nc_gid=q0eCHaKCiBtUb0mfO3J6ZA&edm=AJhczIQBAAAA&ccb=7-5&ig_cache_key=MzgwNjMwMzM4MjE4NTgwOTQ5OA%3D%3D.3-ccb7-5&oh=00_AfpkXJoDiSfmU-WILnvaiWoQu7XebpZvZpr9S3K0hujvPA&oe=696CE52F&_nc_sid=4a2096'],,https://www.threads.net/@thestockmarket.news/post/DTStMJqjZZa,[],"{'likes': 185, 'reposts': 18, 'quotes': 0}",threads,3806303382185809498,StockMarket.News,,"The jobs report that came out this morning shows something interesting happening in the labor market.

The US economy only added 50,000 jobs in December, which sounds like a solid number on the surface but it's actually a significant miss from what economists were predicting. 

They had expected around 66,000 new jobs, so we fell short by about 16,000. 

That's roughly 24% below expectations, which is a material shortfall.",threads,72738857464,thestockmarket.news
[],2026-01-14T09:32:53.486497+07:00,"If illegal immigrants can “help build our economy,” why didn’t they build their own economy? 😔 #fyp #youmatter #insta #tiktok #all #meta #trump #fypシ #usa #news #mexico🇲🇽 #economy #texas",2025-11-25T07:32:12+07:00,,3773285716642915728,threads,threads.com,threads_crawler_v1,https://www.threads.net/@brotherbill50/post/DRdZ14YjmWQ,https://instagram.fhan4-6.fna.fbcdn.net/v/t51.2885-19/395192453_714178607412716_1688128241421260410_n.jpg?stp=dst-jpg_s150x150_tt6&efg=eyJ2ZW5jb2RlX3RhZyI6InByb2ZpbGVfcGljLmRqYW5nby4xMDgwLmMyIn0&_nc_ht=instagram.fhan4-6.fna.fbcdn.net&_nc_cat=108&_nc_oc=Q6cZ2QG0ofGJGz1sZlRzWS3EKavRyXETHGCtNfkG04eXnNANSoI5UIqChixYCujFF9Xep1A&_nc_ohc=Th0yX-NMwTUQ7kNvwFE2UMu&_nc_gid=q0eCHaKCiBtUb0mfO3J6ZA&edm=AJhczIQBAAAA&ccb=7-5&oh=00_AfqkaZFnJITk7AmJmy95Wg9sVR7CbfJSjvb6oCa23F9Dkw&oe=696CE095&_nc_sid=4a2096,890,0,1400,47,0,"['https://instagram.fhan3-4.fna.fbcdn.net/v/t51.2885-15/589376009_1524025855579744_4277632631180572581_n.jpg?stp=dst-jpg_e15_tt6&efg=eyJ2ZW5jb2RlX3RhZyI6InRocmVhZHMuRkVFRC5pbWFnZV91cmxnZW4uNjQweDExMzYuc2RyLmY3MTg3OC5kZWZhdWx0X2NvdmVyX2ZyYW1lLmMyIn0&_nc_ht=instagram.fhan3-4.fna.fbcdn.net&_nc_cat=104&_nc_oc=Q6cZ2QG0ofGJGz1sZlRzWS3EKavRyXETHGCtNfkG04eXnNANSoI5UIqChixYCujFF9Xep1A&_nc_ohc=6sOtyLMleNYQ7kNvwFjO9P4&_nc_gid=q0eCHaKCiBtUb0mfO3J6ZA&edm=AJhczIQBAAAA&ccb=7-5&ig_cache_key=Mzc3MzI4NTcxNjY0MjkxNTcyOA%3D%3D.3-ccb7-5&oh=00_Afo6We7zGJrcOBqexp6hjwKJxX1aO9d6FkHZihhF8n2Ejg&oe=696CB7D9&_nc_sid=4a2096', 'https://instagram.fhan4-6.fna.fbcdn.net/o1/v/t2/f2/m86/AQM7Sn7ObWH-J_OAILjl_JL_Wb0i8czcWWMkuSNpJn0e_N9CTp0Bdw9yu9MIvY_EfMCQhNvd1loQjnCAzeXPSNDb6pQFaVY07RL_yDM.mp4?_nc_cat=108&_nc_oc=AdnUMNrpl8DLDsKx5QY4Nf5fw6aFi4wISwQ52ZQWuj2YXNgf1-PXr_W0PbGz7Zvsr2M&_nc_sid=5e9851&_nc_ht=instagram.fhan4-6.fna.fbcdn.net&_nc_ohc=euFR6QX_lKMQ7kNvwERGbfN&efg=eyJ2ZW5jb2RlX3RhZyI6Inhwdl9wcm9ncmVzc2l2ZS5JTlNUQUdSQU0uRkVFRC5DMy43MjAuZGFzaF9iYXNlbGluZV8xX3YxIiwieHB2X2Fzc2V0X2lkIjoxMTkxNzcwMjc2MDcyNzc3LCJhc3NldF9hZ2VfZGF5cyI6NTAsInZpX3VzZWNhc2VfaWQiOjEwMDk5LCJkdXJhdGlvbl9zIjoxNCwidXJsZ2VuX3NvdXJjZSI6Ind3dyJ9&ccb=17-1&_nc_gid=q0eCHaKCiBtUb0mfO3J6ZA&_nc_zt=28&vs=b1bb5cc97aeb72b5&_nc_vs=HBksFQIYUmlnX3hwdl9yZWVsc19wZXJtYW5lbnRfc3JfcHJvZC85NjRGNkVFM0JBNEY5RUQ0QTM2MTdFRjc2NTk2NkM4NV92aWRlb19kYXNoaW5pdC5tcDQVAALIARIAFQIYOnBhc3N0aHJvdWdoX2V2ZXJzdG9yZS9HSnlTLWlLMXRwWlZkZ1VGQUVQRXNfRjFRRU4tYnN0VEFRQUYVAgLIARIAKAAYABsCiAd1c2Vfb2lsATEScHJvZ3Jlc3NpdmVfcmVjaXBlATEVAAAmkrWsv5T6nQQVAigCQzMsF0AtIcrAgxJvGBJkYXNoX2Jhc2VsaW5lXzFfdjERAHXqB2XmnQEA&oh=00_AfpceA6cZGAleJE-EhdbM1Tqw_6r3dxc5MV9bPD7GZBy4Q&oe=6968CBBD']",,https://www.threads.net/@brotherbill50/post/DRdZ14YjmWQ,[],"{'likes': 1400, 'reposts': 44, 'quotes': 3}",threads,3773285716642915728,William C Ellis,,"If illegal immigrants can “help build our economy,” why didn’t they build their own economy? 😔 #fyp #youmatter #insta #tiktok #all #meta #trump #fypシ #usa #news #mexico🇲🇽 #economy #texas",threads,63278466974,brotherbill50
[],2026-01-14T09:32:53.486545+07:00,Idk why some Malaysians are bitter than Singaporeans are spending in JB. We’re contributing to your economy. It’s just like how you spend your money in Thailand or Indonesia.,2025-06-29T17:28:06+07:00,,3665594068115433425,threads,threads.com,threads_crawler_v1,https://www.threads.net/@intanina/post/DLezmJAzKfR,https://instagram.fhan3-4.fna.fbcdn.net/v/t51.2885-19/523787426_17914950660120472_407150865286989904_n.jpg?stp=dst-jpg_s150x150_tt6&efg=eyJ2ZW5jb2RlX3RhZyI6InByb2ZpbGVfcGljLmRqYW5nby4xMDgwLmMyIn0&_nc_ht=instagram.fhan3-4.fna.fbcdn.net&_nc_cat=104&_nc_oc=Q6cZ2QG0ofGJGz1sZlRzWS3EKavRyXETHGCtNfkG04eXnNANSoI5UIqChixYCujFF9Xep1A&_nc_ohc=VGrWaCIsWm4Q7kNvwGa74aQ&_nc_gid=q0eCHaKCiBtUb0mfO3J6ZA&edm=AJhczIQBAAAA&ccb=7-5&oh=00_AfqKgb4VKNLwqvNJ9FzTl1Iz2CoxZoGL6DzOjYnbUFQmbw&oe=696CDB42&_nc_sid=4a2096,413,0,801,44,0,[],,https://www.threads.net/@intanina/post/DLezmJAzKfR,[],"{'likes': 801, 'reposts': 38, 'quotes': 6}",threads,3665594068115433425,Intan Amanina,,Idk why some Malaysians are bitter than Singaporeans are spending in JB. We’re contributing to your economy. It’s just like how you spend your money in Thailand or Indonesia.,threads,63601296471,intanina
[],2026-01-14T09:32:53.486591+07:00,"As a Director of Human Resources. I am going to say this AGAIN! DO NOT LEAVE YOUR JOB IF YOU DO NOT HAVE ANOTHER ONE LINED UP!! Do not quit without having your background checks completed, etc. A verbal offer is not enough. This economy is in shambles. Hold on to whatever you have until you have something else in your hand.",2025-08-02T06:29:34+07:00,,3689904995056288192,threads,threads.com,threads_crawler_v1,https://www.threads.net/@tee_x815/post/DM1LQsFRQHA,https://instagram.fhan4-3.fna.fbcdn.net/v/t51.2885-19/608198664_17905354860331966_336382330098333175_n.jpg?stp=dst-jpg_s150x150_tt6&efg=eyJ2ZW5jb2RlX3RhZyI6InByb2ZpbGVfcGljLmRqYW5nby4xMDgwLmMyIn0&_nc_ht=instagram.fhan4-3.fna.fbcdn.net&_nc_cat=110&_nc_oc=Q6cZ2QG0ofGJGz1sZlRzWS3EKavRyXETHGCtNfkG04eXnNANSoI5UIqChixYCujFF9Xep1A&_nc_ohc=F20AJA0lz68Q7kNvwE8LeLo&_nc_gid=q0eCHaKCiBtUb0mfO3J6ZA&edm=AJhczIQBAAAA&ccb=7-5&oh=00_AfqGAI7n4njxYI6rHdfdV6JNeezLOLJt2s0kPN1UGeabbg&oe=696CC935&_nc_sid=4a2096,262,0,9318,657,0,[],,https://www.threads.net/@tee_x815/post/DM1LQsFRQHA,[],"{'likes': 9318, 'reposts': 632, 'quotes': 25}",threads,3689904995056288192,Tiana 🫧,,"As a Director of Human Resources. I am going to say this AGAIN! DO NOT LEAVE YOUR JOB IF YOU DO NOT HAVE ANOTHER ONE LINED UP!! Do not quit without having your background checks completed, etc. A verbal offer is not enough. This economy is in shambles. Hold on to whatever you have until you have something else in your hand.",threads,70059155965,tee_x815
[],2026-01-14T09:32:53.486634+07:00,"This economy needs to realize we are not our parents. I’m sorry, but I’m not staying at the same job for 30+ years.",2026-01-06T05:06:07+07:00,,3803652778720620965,threads,threads.com,threads_crawler_v1,https://www.threads.net/@ohthats_v/post/DTJSgy0kfGl,https://instagram.fhan4-5.fna.fbcdn.net/v/t51.2885-19/448375876_395259122907291_5338171118786454288_n.jpg?stp=dst-jpg_s150x150_tt6&efg=eyJ2ZW5jb2RlX3RhZyI6InByb2ZpbGVfcGljLmRqYW5nby4xMDgwLmMyIn0&_nc_ht=instagram.fhan4-5.fna.fbcdn.net&_nc_cat=103&_nc_oc=Q6cZ2QG0ofGJGz1sZlRzWS3EKavRyXETHGCtNfkG04eXnNANSoI5UIqChixYCujFF9Xep1A&_nc_ohc=RmdiZVaxZloQ7kNvwE74DGt&_nc_gid=q0eCHaKCiBtUb0mfO3J6ZA&edm=AJhczIQBAAAA&ccb=7-5&oh=00_AfpUdn8wh507jQpbM3Sch8sKhBKDRBEcGHK3avpBQzOBOA&oe=696CB76A&_nc_sid=4a2096,237,0,7320,582,0,[],,https://www.threads.net/@ohthats_v/post/DTJSgy0kfGl,[],"{'likes': 7320, 'reposts': 546, 'quotes': 36}",threads,3803652778720620965,Valli Merci’ ✨,,"This economy needs to realize we are not our parents. I’m sorry, but I’m not staying at the same job for 30+ years.",threads,63246331600,ohthats_v
[],2026-01-14T09:32:53.486680+07:00,This economy is so fkd you'll be sitting here thinking you're bad with money and all you did was buy food,2026-01-04T22:10:03+07:00,,3802718595441403821,threads,threads.com,threads_crawler_v1,https://www.threads.net/@ngsmokeboi/post/DTF-Go2Dqet,https://instagram.fhan4-6.fna.fbcdn.net/v/t51.2885-19/571509745_17913733755217701_254972784681673898_n.jpg?stp=dst-jpg_s150x150_tt6&efg=eyJ2ZW5jb2RlX3RhZyI6InByb2ZpbGVfcGljLmRqYW5nby4xMDgwLmMyIn0&_nc_ht=instagram.fhan4-6.fna.fbcdn.net&_nc_cat=109&_nc_oc=Q6cZ2QG0ofGJGz1sZlRzWS3EKavRyXETHGCtNfkG04eXnNANSoI5UIqChixYCujFF9Xep1A&_nc_ohc=FTBuv8SLx9IQ7kNvwFnr91w&_nc_gid=q0eCHaKCiBtUb0mfO3J6ZA&edm=AJhczIQBAAAA&ccb=7-5&oh=00_AfpMlRgV4bhDm8-4FK59ba-EQMSo5pI-1wIbQohmeFkj7A&oe=696CDB85&_nc_sid=4a2096,307,0,36686,3903,0,[],,https://www.threads.net/@ngsmokeboi/post/DTF-Go2Dqet,[],"{'likes': 36686, 'reposts': 3814, 'quotes': 89}",threads,3802718595441403821,NGSMOKEBOI,,This economy is so fkd you'll be sitting here thinking you're bad with money and all you did was buy food,threads,66576385700,ngsmokeboi
[],2026-01-14T09:32:53.486730+07:00,"I know alot of people get really excited everytime a celebrity joins Threads. But, honestly, my favorite part of Threads is reading about how Gina felt about her 1st cruise experience. How Bob’s corner bakery is fairing in this economy. About someone’s disastrous first date or how they found themselves after being left at the alter in Mexico. Your secret to perfect scrambled eggs, discovering cute things people make and the endless dad jokes. These are the things that make Threads special.",2026-01-11T14:34:04+07:00,,3807562520568091314,threads,threads.com,threads_crawler_v1,https://www.threads.net/@adventures.passport/post/DTXLfBqjVKy,https://instagram.fhan4-6.fna.fbcdn.net/v/t51.2885-19/383172394_1249325835750417_7721791006269007697_n.jpg?stp=dst-jpg_s150x150_tt6&efg=eyJ2ZW5jb2RlX3RhZyI6InByb2ZpbGVfcGljLmRqYW5nby4xMDMwLmMyIn0&_nc_ht=instagram.fhan4-6.fna.fbcdn.net&_nc_cat=109&_nc_oc=Q6cZ2QG0ofGJGz1sZlRzWS3EKavRyXETHGCtNfkG04eXnNANSoI5UIqChixYCujFF9Xep1A&_nc_ohc=W22h6dKR85wQ7kNvwFxy9CF&_nc_gid=q0eCHaKCiBtUb0mfO3J6ZA&edm=AJhczIQBAAAA&ccb=7-5&oh=00_AfrcfK7uYSxwwcEJhpKyDOBItoTFz3IWyi7LO5y-2pQRJw&oe=696CE6CC&_nc_sid=4a2096,71,0,992,7,0,[],,https://www.threads.net/@adventures.passport/post/DTXLfBqjVKy,[],"{'likes': 992, 'reposts': 7, 'quotes': 0}",threads,3807562520568091314,Adventures Passport | Global Travel Blog | 6 Continents,,"I know alot of people get really excited everytime a celebrity joins Threads. But, honestly, my favorite part of Threads is reading about how Gina felt about her 1st cruise experience. How Bob’s corner bakery is fairing in this economy. About someone’s disastrous first date or how they found themselves after being left at the alter in Mexico. Your secret to perfect scrambled eggs, discovering cute things people make and the endless dad jokes. These are the things that make Threads special.",threads,63454310133,adventures.passport
[],2026-01-14T09:32:53.486777+07:00,"When people say “money is flowing out of the country” because of foreign vendors, that’s only half the picture.

Money doesn’t instantly leave Brunei just because a foreign vendor makes a sale.

Before a single dollar goes anywhere, foreign vendors already inject money into the local economy:
• booth rental paid to local organisers
• hotels, Airbnbs, transport
• food, fuel, daily expenses
• local suppliers, helpers, logistics

That money circulates inside Brunei first.",2026-01-10T12:37:35+07:00,,3806779112703610828,threads,threads.com,threads_crawler_v1,https://www.threads.net/@sportaagency/post/DTUZW8PE0_M,https://instagram.fhan3-3.fna.fbcdn.net/v/t51.2885-19/588754278_17846099970603083_2721169900431345711_n.jpg?stp=dst-jpg_s150x150_tt6&efg=eyJ2ZW5jb2RlX3RhZyI6InByb2ZpbGVfcGljLmRqYW5nby41MTAuYzIifQ&_nc_ht=instagram.fhan3-3.fna.fbcdn.net&_nc_cat=111&_nc_oc=Q6cZ2QG0ofGJGz1sZlRzWS3EKavRyXETHGCtNfkG04eXnNANSoI5UIqChixYCujFF9Xep1A&_nc_ohc=A-Uxxb4tc10Q7kNvwH6WKer&_nc_gid=q0eCHaKCiBtUb0mfO3J6ZA&edm=AJhczIQBAAAA&ccb=7-5&oh=00_Afp1mYHZrpPWFrHLVHhGTxen74VQUWhO5TE38RqfHlRxxg&oe=696CDD16&_nc_sid=4a2096,12,0,243,44,0,[],,https://www.threads.net/@sportaagency/post/DTUZW8PE0_M,[],"{'likes': 243, 'reposts': 44, 'quotes': 0}",threads,3806779112703610828,Social Media Marketing Agency,Brunei,"When people say “money is flowing out of the country” because of foreign vendors, that’s only half the picture.

Money doesn’t instantly leave Brunei just because a foreign vendor makes a sale.

Before a single dollar goes anywhere, foreign vendors already inject money into the local economy:
• booth rental paid to local organisers
• hotels, Airbnbs, transport
• food, fuel, daily expenses
• local suppliers, helpers, logistics

That money circulates inside Brunei first.",threads,78018595082,sportaagency
[],2026-01-14T09:32:53.486823+07:00,"Goldman Sachs estimated the creator economy will be a $500B industry by 2027. Look around yall. No, you don’t have to be a Content Creator, but think of all the ancillary roles that drive this ecosystem. 

Content Strategists, Editors, A/V Techs, Graphic Designers, IP Lawyers, Market Researchers, Community Managers, the list goes on and on... 

Don’t snooze on opportunities because “everyone’s an influencer.”",2026-01-08T09:21:21+07:00,,3805230799860403497,threads,threads.com,threads_crawler_v1,https://www.threads.net/@life.as.jos/post/DTO5UBiDg0p,https://instagram.fhan4-5.fna.fbcdn.net/v/t51.2885-19/475821154_605095202157662_4000535010109446270_n.jpg?stp=dst-jpg_s150x150_tt6&efg=eyJ2ZW5jb2RlX3RhZyI6InByb2ZpbGVfcGljLmRqYW5nby44MzMuYzIifQ&_nc_ht=instagram.fhan4-5.fna.fbcdn.net&_nc_cat=102&_nc_oc=Q6cZ2QG0ofGJGz1sZlRzWS3EKavRyXETHGCtNfkG04eXnNANSoI5UIqChixYCujFF9Xep1A&_nc_ohc=Z17uiobCbBgQ7kNvwGcfsF6&_nc_gid=q0eCHaKCiBtUb0mfO3J6ZA&edm=AJhczIQBAAAA&ccb=7-5&oh=00_AfpSfAqXrw8czqKnc1dZYf0PwFLq58BzuGppfYgGu60O4A&oe=696CD896&_nc_sid=4a2096,45,0,719,121,0,[],,https://www.threads.net/@life.as.jos/post/DTO5UBiDg0p,[],"{'likes': 719, 'reposts': 115, 'quotes': 6}",threads,3805230799860403497,Josie | Career + Lifestyle 🧚🏾‍♀️,,"Goldman Sachs estimated the creator economy will be a $500B industry by 2027. Look around yall. No, you don’t have to be a Content Creator, but think of all the ancillary roles that drive this ecosystem. 

Content Strategists, Editors, A/V Techs, Graphic Designers, IP Lawyers, Market Researchers, Community Managers, the list goes on and on... 

Don’t snooze on opportunities because “everyone’s an influencer.”",threads,75556150748,life.as.jos
[],2026-01-14T09:32:53.486869+07:00,"African Americans, many of us are being pushed out of the workforce. How are you currently making money or sustaining yourself in this economy?",2026-01-09T07:34:17+07:00,,3805901687215834349,threads,threads.com,threads_crawler_v1,https://www.threads.net/@charismaaaron/post/DTRR2uEj0Tt,https://instagram.fhan4-3.fna.fbcdn.net/v/t51.2885-19/501401086_17913743865106068_2464310915287572101_n.jpg?stp=dst-jpg_s150x150_tt6&efg=eyJ2ZW5jb2RlX3RhZyI6InByb2ZpbGVfcGljLmRqYW5nby4xMDgwLmMyIn0&_nc_ht=instagram.fhan4-3.fna.fbcdn.net&_nc_cat=100&_nc_oc=Q6cZ2QG0ofGJGz1sZlRzWS3EKavRyXETHGCtNfkG04eXnNANSoI5UIqChixYCujFF9Xep1A&_nc_ohc=CzGz6g1f8MMQ7kNvwFsSdqD&_nc_gid=q0eCHaKCiBtUb0mfO3J6ZA&edm=AJhczIQBAAAA&ccb=7-5&oh=00_AfrUHCz-L4Qmpsd0YEocJz8VXtoiILTze1LtsLVTIRbbcw&oe=696CE5F5&_nc_sid=4a2096,179,0,271,20,0,[],,https://www.threads.net/@charismaaaron/post/DTRR2uEj0Tt,[],"{'likes': 271, 'reposts': 19, 'quotes': 1}",threads,3805901687215834349,C H A R I S M A,BlackThreads,"African Americans, many of us are being pushed out of the workforce. How are you currently making money or sustaining yourself in this economy?",threads,63261474067,charismaaaron
[],2026-01-14T10:20:14.215354+07:00,"I am looking for foreigner husband that serious with me. I am Indonesian citizenship. Free to move to any country as long as can life in good economy even if the country is poor 🤣🤣🤣
Send me dm. Thanks.",2025-12-28T10:58:50+07:00,,3797307331599991511,threads,threads.com,threads_crawler_v1,https://www.threads.net/@sriitabr/post/DSyvuYrAQLX,https://instagram.fhan3-3.fna.fbcdn.net/v/t51.2885-19/602371133_17867208933525791_5133414484315196373_n.jpg?stp=dst-jpg_s150x150_tt6&efg=eyJ2ZW5jb2RlX3RhZyI6InByb2ZpbGVfcGljLmRqYW5nby4xMDgwLmMyIn0&_nc_ht=instagram.fhan3-3.fna.fbcdn.net&_nc_cat=111&_nc_oc=Q6cZ2QHHpOhpgMmvUOG5VzT5eLE6vuf3bFfHfg8_66xHipeH8eC1PIBu4Fv0MQ7mJ1ELhqY&_nc_ohc=Eh60WohoopIQ7kNvwGPnUiN&_nc_gid=PM3yeBPjlKOaY3MfEzLNjA&edm=AJhczIQBAAAA&ccb=7-5&oh=00_AfocyzrIjVAWzosgZd89YvimKYDbXGC4C9yAsk0c7J7mig&oe=696CEDC1&_nc_sid=4a2096,677,0,353,18,0,[],,https://www.threads.net/@sriitabr/post/DSyvuYrAQLX,[],"{'likes': 353, 'reposts': 14, 'quotes': 4}",threads,3797307331599991511,Sri Ita Tarigan,,"I am looking for foreigner husband that serious with me. I am Indonesian citizenship. Free to move to any country as long as can life in good economy even if the country is poor 🤣🤣🤣
Send me dm. Thanks.",threads,75783013790,sriitabr
