source,docType,type,userId,userName,sourceId,sourceName,collectDate,createDate,postLink,domain,pictures,title,description,tags,content,logoLink,provinces,categories,link,numLikes,numDislikes,numComments,numShares,numViews,reactions,docId,postId,fromCrawler
reddit,reddit,reddit_post,ccbrwpa98,Sgt_Gram,1qmwymc,Military,2026-01-26T22:02:59.359376+00:00,2026-01-25T22:03:02+00:00,https://reddit.com/r/Military/comments/1qmwymc/minnesota_national_guard_handing_out_hot/,reddit.com,[],Minnesota National Guard handing out hot chocolate and donuts to protestors.,,['Video'],"  
[https://www.facebook.com/reel/1197971282504923](https://www.facebook.com/reel/1197971282504923)",,[],['r/Military'],https://reddit.com/r/Military/comments/1qmwymc/minnesota_national_guard_handing_out_hot/,1348,0,82,0,,"{'likes': 1348, 'reposts': 0, 'quotes': 0}",1qmwymc,1qmwymc,reddit_multi_separate_files_v1
reddit,reddit,reddit_post,f4d86xjq8,Phoenix_Werewolf,1qnbmh6,Military,2026-01-26T22:03:00.605800+00:00,2026-01-26T09:37:17+00:00,https://reddit.com/r/Military/comments/1qnbmh6/i_am_extremely_touched_by_all_those_soldiers_who/,reddit.com,[],"I am extremely touched by all those ""soldiers who did nothing, staying back"" posts.",,['Discussion'],"I actually checked the usernames because I thought it might have been one person doing a series of posts to denounce Trump's words. 
But it was a different person each time. Which, in my opinion, makes it so much more powerful. 

I'm not American, I have nothing to do with the military, but I am from one of those allied nations that is now hated by Trump. And I got very emotional seeing people in here pay tribute to their historical allies' sacrifice. 

We have an idea that most of the US military community is pro-MAGA. But, the last few months I have been here, I saw you guys constantly speak out against all the constitutional, human and international rights violations by Trump's administration. Talking about what you can do if illegal orders were to come, how to protect the people like you swore to do. So I have gained a new level of respect for you, and I am so happy to be able to say that I was wrong. ",,[],['r/Military'],https://reddit.com/r/Military/comments/1qnbmh6/i_am_extremely_touched_by_all_those_soldiers_who/,563,0,44,0,,"{'likes': 563, 'reposts': 0, 'quotes': 0}",1qnbmh6,1qnbmh6,reddit_multi_separate_files_v1
reddit,reddit,reddit_post,2zcdlz2l,elinamebro,1qn55sw,Military,2026-01-26T22:03:00.974646+00:00,2026-01-26T03:46:10+00:00,https://reddit.com/r/Military/comments/1qn55sw/wifi_is_dead_why_iranbound_uss_abraham_lincoln_is/,reddit.com,['https://external-preview.redd.it/2dW0__1MVLd6S0TXjsYmKy3csFaiF_kPR1vjVkQFeUE.jpeg?auto=webp&s=e68636003aa81915b80bfa1e4c109e6cb04580e8'],Wi-fi is dead': Why Iran-bound USS Abraham Lincoln is now cut-off from the entire world?,,['Article'],,,[],['r/Military'],https://reddit.com/r/Military/comments/1qn55sw/wifi_is_dead_why_iranbound_uss_abraham_lincoln_is/,542,0,61,0,,"{'likes': 542, 'reposts': 0, 'quotes': 0}",1qn55sw,1qn55sw,reddit_multi_separate_files_v1
reddit,reddit,reddit_post,1ysjy72i3q,Cold_Pepper7095,1qnqqq3,Military,2026-01-26T22:03:01.344493+00:00,2026-01-26T19:48:41+00:00,https://reddit.com/r/Military/comments/1qnqqq3/and_there_goes_europian_unity/,reddit.com,['https://preview.redd.it/ujad34tmzqfg1.jpeg?auto=webp&s=62a6730787ac4653d41e342716dcb88691de0df9'],And there goes Europian unity,,['Ukraine Conflict'],,,[],['r/Military'],https://reddit.com/r/Military/comments/1qnqqq3/and_there_goes_europian_unity/,428,0,119,0,,"{'likes': 428, 'reposts': 0, 'quotes': 0}",1qnqqq3,1qnqqq3,reddit_multi_separate_files_v1
reddit,reddit,reddit_post,9qucf,MATlad,1qn7tgv,Military,2026-01-26T22:03:01.700178+00:00,2026-01-26T05:57:01+00:00,https://reddit.com/r/Military/comments/1qn7tgv/an_unnoticed_and_grim_milestone_over_100/,reddit.com,['https://external-preview.redd.it/zZk7ur7d7dET1WBTRFt9AMb_u62KA7BTPouHDiSRwM8.jpeg?auto=webp&s=f28755eefd595f96e2735be25ca04a839719fb37'],"An unnoticed and grim 'milestone', over 100 Americans killed fighting for Ukraine",,['Ukraine Conflict'],,,[],['r/Military'],https://reddit.com/r/Military/comments/1qn7tgv/an_unnoticed_and_grim_milestone_over_100/,406,0,23,0,,"{'likes': 406, 'reposts': 0, 'quotes': 0}",1qn7tgv,1qn7tgv,reddit_multi_separate_files_v1
reddit,reddit,reddit_post,virme6c7,KrissyMattAlpha,1qnj08h,Military,2026-01-26T22:03:03.083024+00:00,2026-01-26T15:25:05+00:00,https://reddit.com/r/Military/comments/1qnj08h/what_does_it_mean_when_secretary_hegseth/,reddit.com,[],"What does it mean when Secretary Hegseth continually repeats at every opportunity, ""President Trump and I will have your back"" to US military members?",,['Discussion'],"Is this an invitation from Hegseth and Trump to ""Carry out OUR orders and you will be protected/pardoned""?",,[],['r/Military'],https://reddit.com/r/Military/comments/1qnj08h/what_does_it_mean_when_secretary_hegseth/,268,0,105,0,,"{'likes': 268, 'reposts': 0, 'quotes': 0}",1qnj08h,1qnj08h,reddit_multi_separate_files_v1
reddit,reddit,reddit_post,lwxwvxhn,pandora_1026,1qn6j26,Military,2026-01-26T22:03:03.842203+00:00,2026-01-26T04:51:28+00:00,https://reddit.com/r/Military/comments/1qn6j26/lest_we_forget_cpl_dyer_and_other_brave_canadian/,reddit.com,[],Lest we forget Cpl. Dyer and other brave Canadian heroes who were killed in Afghanistan,,['Article'],,,[],['r/Military'],https://reddit.com/r/Military/comments/1qn6j26/lest_we_forget_cpl_dyer_and_other_brave_canadian/,176,0,3,0,,"{'likes': 176, 'reposts': 0, 'quotes': 0}",1qn6j26,1qn6j26,reddit_multi_separate_files_v1
reddit,reddit,reddit_post,w0xanw93,PuncturedBicycleHill,1qnqyfi,Military,2026-01-26T22:03:04.207194+00:00,2026-01-26T19:56:00+00:00,https://reddit.com/r/Military/comments/1qnqyfi/after_feds_killed_alex_pretti_his_va_boss_blamed/,reddit.com,['https://external-preview.redd.it/49WvF2GtKilY6KiGHL0UhEOiRG1Frvx1nb5t5orQRPI.jpeg?auto=webp&s=ed41380bc5abbc9d5bed3f73b4664c168eb8debd'],"After Feds Killed Alex Pretti, His VA Boss Blamed Minnesota Leaders",,['Article'],,,[],['r/Military'],https://reddit.com/r/Military/comments/1qnqyfi/after_feds_killed_alex_pretti_his_va_boss_blamed/,153,0,27,0,,"{'likes': 153, 'reposts': 0, 'quotes': 0}",1qnqyfi,1qnqyfi,reddit_multi_separate_files_v1
reddit,reddit,reddit_post,bd5v7,Choobeen,1qmxlm6,Military,2026-01-26T22:03:04.572678+00:00,2026-01-25T22:26:22+00:00,https://reddit.com/r/Military/comments/1qmxlm6/cvn78_has_a_plumbing_issue/,reddit.com,['https://external-preview.redd.it/KxGPExCArWtTFTSGOY192bEKIMkttdoe7MI94-6HgxY.jpeg?auto=webp&s=f8fa7ef5f18c321c9dbfc9eb05ebdc7578bfc50a'],CVN-78 has a plumbing issue,,['Article'],,,[],['r/Military'],https://reddit.com/r/Military/comments/1qmxlm6/cvn78_has_a_plumbing_issue/,81,0,12,0,,"{'likes': 81, 'reposts': 0, 'quotes': 0}",1qmxlm6,1qmxlm6,reddit_multi_separate_files_v1
reddit,reddit,reddit_post,1nikwmzqvr,rezwenn,1qng8d7,Military,2026-01-26T22:03:04.943424+00:00,2026-01-26T13:37:49+00:00,https://reddit.com/r/Military/comments/1qng8d7/iranian_drone_swarms_pose_credible_threat_to_uss/,reddit.com,['https://external-preview.redd.it/2BCpZDKwvYptO_EeSarUgE235ncHAbrZ6au929vL8_s.jpeg?auto=webp&s=e6736f2c13f785daf821f12799992d58bc40e198'],"Iranian drone swarms pose ‘credible threat’ to USS Abraham Lincoln carrier group, defense expert says",,['Article'],,,[],['r/Military'],https://reddit.com/r/Military/comments/1qng8d7/iranian_drone_swarms_pose_credible_threat_to_uss/,80,0,27,0,,"{'likes': 80, 'reposts': 0, 'quotes': 0}",1qng8d7,1qng8d7,reddit_multi_separate_files_v1
reddit,reddit,reddit_post,1fb9iyzfcr,C_Ironfoundersson,1qndkd7,Military,2026-01-26T22:03:05.745800+00:00,2026-01-26T11:30:02+00:00,https://reddit.com/r/Military/comments/1qndkd7/chinas_top_general_reportedly_accused_of_leaking/,reddit.com,[],China's Top General Reportedly Accused Of Leaking Data About Its Nuclear Weapons Program To The U.S.,,['Article'],,,[],['r/Military'],https://reddit.com/r/Military/comments/1qndkd7/chinas_top_general_reportedly_accused_of_leaking/,54,0,3,0,,"{'likes': 54, 'reposts': 0, 'quotes': 0}",1qndkd7,1qndkd7,reddit_multi_separate_files_v1
reddit,reddit,reddit_post,ccbrwpa98,Sgt_Gram,1qnpbc1,Military,2026-01-26T22:03:06.120570+00:00,2026-01-26T19:00:23+00:00,https://reddit.com/r/Military/comments/1qnpbc1/this_e4s_grave_is_the_most_dangerous_gravesite_in/,reddit.com,['https://external-preview.redd.it/jPlQP6d5mlE6omFzep9RGz9aG9m5U1uELX09yY7FftI.jpeg?auto=webp&s=e1e28a39eb3bbc436331b2579d4de6c4a46ce336'],This E-4’s grave is the most dangerous gravesite in the world,,['Article'],[https://www.wearethemighty.com/mighty-history/worlds-most-dangerous-gravesite/](https://www.wearethemighty.com/mighty-history/worlds-most-dangerous-gravesite/),,[],['r/Military'],https://reddit.com/r/Military/comments/1qnpbc1/this_e4s_grave_is_the_most_dangerous_gravesite_in/,44,0,7,0,,"{'likes': 44, 'reposts': 0, 'quotes': 0}",1qnpbc1,1qnpbc1,reddit_multi_separate_files_v1
reddit,reddit,reddit_post,tvszshr7,ComicBookEnthusiast,1qnm42n,Military,2026-01-26T22:03:06.875861+00:00,2026-01-26T17:12:51+00:00,https://reddit.com/r/Military/comments/1qnm42n/man_do_i_miss_some_of_my_gear/,reddit.com,[],Man do I miss some of my gear!,,['Story\\Experience'],"This snow storm has me missing my Gortex gear. Shout out to 10th Mountain and Fort Drum for giving me the best winter weather experience. Stay chill, you dirt bags. ",,[],['r/Military'],https://reddit.com/r/Military/comments/1qnm42n/man_do_i_miss_some_of_my_gear/,9,0,3,0,,"{'likes': 9, 'reposts': 0, 'quotes': 0}",1qnm42n,1qnm42n,reddit_multi_separate_files_v1
reddit,reddit,reddit_post,1gawifrrel,KingChris8909,1qneh3g,Military,2026-01-26T22:03:07.954917+00:00,2026-01-26T12:16:44+00:00,https://reddit.com/r/Military/comments/1qneh3g/whats_it_like_coming_home_from_deployment/,reddit.com,[],What’s it like coming home from deployment,,['Discussion'],"Hi everyone I don’t know if this was the right place to post this but I’m gonna put it here anyway, also I hope this question doesn’t sound disrespectful or rude if it is please tell me. I’m writing a crime novel and one of the first part of my book is the main character is coming home from deployment he’s an EOD tech, I was wondering regardless of what you do in the military what are you thinking when your going home ? Are you thinking about eating something you haven’t had in awhile, are you nervous and tense about being back home, are you happy to see your family, what’s your headspace at ?? ",,[],['r/Military'],https://reddit.com/r/Military/comments/1qneh3g/whats_it_like_coming_home_from_deployment/,6,0,23,0,,"{'likes': 6, 'reposts': 0, 'quotes': 0}",1qneh3g,1qneh3g,reddit_multi_separate_files_v1
reddit,reddit,reddit_post,72rn9tgz,notmyburrito_46,1qnt9jw,Military,2026-01-26T22:03:08.708957+00:00,2026-01-26T21:17:25+00:00,https://reddit.com/r/Military/comments/1qnt9jw/9th_dragoon_uniforms/,reddit.com,['https://preview.redd.it/zpv91z2qfrfg1.jpeg?auto=webp&s=857271bd3bcc4556418bb9354e08b0454439e341'],9th dragoon uniforms,,['Discussion'],,,[],['r/Military'],https://reddit.com/r/Military/comments/1qnt9jw/9th_dragoon_uniforms/,4,0,0,0,,"{'likes': 4, 'reposts': 0, 'quotes': 0}",1qnt9jw,1qnt9jw,reddit_multi_separate_files_v1
reddit,reddit,reddit_post,60mhcyln,examqueen,1qn6fpy,Military,2026-01-26T22:03:10.051747+00:00,2026-01-26T04:46:56+00:00,https://reddit.com/r/Military/comments/1qn6fpy/i_have_this_picture_but_not_sure_if_its_military/,reddit.com,[],I have this picture but not sure if it's military or a fraternal organization insignia,,['Pic'],"https://preview.redd.it/7vs751uzhmfg1.jpg?width=1440&format=pjpg&auto=webp&s=a50ed8adcba91c78cdad4add059bb3399694ffbc

I cross posted in WWI sub also. The man lived in So Cal and maybe a WWI California insignia?",,[],['r/Military'],https://reddit.com/r/Military/comments/1qn6fpy/i_have_this_picture_but_not_sure_if_its_military/,2,0,1,0,,"{'likes': 2, 'reposts': 0, 'quotes': 0}",1qn6fpy,1qn6fpy,reddit_multi_separate_files_v1
reddit,reddit,reddit_post,20spgevms7,onion_shaggrr,1qnlz9j,Military,2026-01-26T22:03:11.023740+00:00,2026-01-26T17:08:17+00:00,https://reddit.com/r/Military/comments/1qnlz9j/is_joining_the_raf_good_for_a_apprenticeship_for/,reddit.com,[],Is joining the RAF good for a apprenticeship for 6 years 16-22?,,['Discussion'],aircraft mechanical technician is what I want to do so I have life skills and things but I'm also worried that I won't be smart enough for the role but this is for my future and to have military service in my life,,[],['r/Military'],https://reddit.com/r/Military/comments/1qnlz9j/is_joining_the_raf_good_for_a_apprenticeship_for/,2,0,2,0,,"{'likes': 2, 'reposts': 0, 'quotes': 0}",1qnlz9j,1qnlz9j,reddit_multi_separate_files_v1
reddit,reddit,reddit_post,j8xsjb39p,imkollknv,1qn9ph7,Military,2026-01-26T22:03:12.316495+00:00,2026-01-26T07:42:01+00:00,https://reddit.com/r/Military/comments/1qn9ph7/im_thinking_about_joining/,reddit.com,[],I’m thinking about joining,,['Discussion'],I’m 16 soon 17 and I’ll probably join at 17 and I’m thinking about joining the army or marines but I have a girlfriend of more than half a year but she is sad that I’m thinking about joining but I really want it as a career any advice?,,[],['r/Military'],https://reddit.com/r/Military/comments/1qn9ph7/im_thinking_about_joining/,0,0,19,0,,"{'likes': 0, 'reposts': 0, 'quotes': 0}",1qn9ph7,1qn9ph7,reddit_multi_separate_files_v1
reddit,reddit,reddit_post,trgzopyrk,Gas-mask_enthusiast,1qn5lwb,Military,2026-01-26T22:03:13.328917+00:00,2026-01-26T04:06:59+00:00,https://reddit.com/r/Military/comments/1qn5lwb/help_identify_what_this_piece_of_lead_is_from/,reddit.com,[],Help identify what this piece of lead is from,,['Pic'],,,[],['r/Military'],https://reddit.com/r/Military/comments/1qn5lwb/help_identify_what_this_piece_of_lead_is_from/,0,0,7,0,,"{'likes': 0, 'reposts': 0, 'quotes': 0}",1qn5lwb,1qn5lwb,reddit_multi_separate_files_v1
