source,docType,type,userId,userName,sourceId,sourceName,collectDate,createDate,postLink,domain,pictures,title,description,tags,content,logoLink,provinces,categories,link,numLikes,numDislikes,numComments,numShares,numViews,reactions,docId,postId,fromCrawler
reddit,reddit,reddit_post,ulg9u,southpawFA,1qd2jy2,politics,2026-01-15T22:00:05.356571+00:00,2026-01-14T23:07:12+00:00,https://reddit.com/r/politics/comments/1qd2jy2/gop_lawmaker_said_trans_people_harm_children_now/,reddit.com,['https://external-preview.redd.it/JZVp90FY9Qhz8dSPvAa8ffnsEUmH4WuUMCyVDz8J3Co.jpeg?auto=webp&s=a90d4e2cd9a4ab394520eb9a491d00f516fb2eab'],"GOP lawmaker said trans people “harm” children. Now he's going to prison for child porn. He was caught sharing hundreds of images of kids, including pictures of adults raping seven-year-olds.",,['No Paywall'],,,[],['r/politics'],https://reddit.com/r/politics/comments/1qd2jy2/gop_lawmaker_said_trans_people_harm_children_now/,38321,0,1004,0,,"{'likes': 38321, 'reposts': 0, 'quotes': 0}",1qd2jy2,1qd2jy2,reddit_multi_separate_files_v1
reddit,reddit,reddit_post,1x38ztn8cw,ReportHopeful5886,1qdh18r,politics,2026-01-15T22:00:05.719272+00:00,2026-01-15T11:25:42+00:00,https://reddit.com/r/politics/comments/1qdh18r/republicans_vow_to_block_trump_from_seizing/,reddit.com,['https://external-preview.redd.it/kqga2yO7SHwxRbIwre2eHHBBhiTvLy-KOayCwn18Jeo.jpeg?auto=webp&s=a46ae5b839c7240a95cad8b7f6554c60de4b0a2b'],Republicans vow to block Trump from seizing Greenland by force,,['No Paywall'],,,[],['r/politics'],https://reddit.com/r/politics/comments/1qdh18r/republicans_vow_to_block_trump_from_seizing/,25142,0,1371,0,,"{'likes': 25142, 'reposts': 0, 'quotes': 0}",1qdh18r,1qdh18r,reddit_multi_separate_files_v1
reddit,reddit,reddit_post,w49j7npkb,Silent-Resort-3076,1qdkcqe,politics,2026-01-15T22:00:06.083314+00:00,2026-01-15T14:03:27+00:00,https://reddit.com/r/politics/comments/1qdkcqe/cbs_evening_news_has_lost_over_a_million_viewers/,reddit.com,['https://external-preview.redd.it/BPZM1lZsYPr44wL48E6uaRG3pfAOqtdNxkEoVBw5E_8.jpeg?auto=webp&s=47b5de0ee221573a0e6537b5b1dfee434edec72c'],“CBS Evening News” Has Lost Over a Million Viewers Since Bari Weiss Takeover: The plunge in viewership comes as Weiss has ushered in an era of Trump-friendly politics for the network.,,['No Paywall'],,,[],['r/politics'],https://reddit.com/r/politics/comments/1qdkcqe/cbs_evening_news_has_lost_over_a_million_viewers/,22382,0,905,0,,"{'likes': 22382, 'reposts': 0, 'quotes': 0}",1qdkcqe,1qdkcqe,reddit_multi_separate_files_v1
reddit,reddit,reddit_post,3z1v8v9,sfgate,1qdne5l,politics,2026-01-15T22:00:06.453317+00:00,2026-01-15T16:00:47+00:00,https://reddit.com/r/politics/comments/1qdne5l/jd_vance_is_a_piece_of_st/,reddit.com,['https://external-preview.redd.it/sDUDTyD6uqAOZDCcfngycXaXuRdpj3CSBCcs9DK5G30.jpeg?auto=webp&s=0bd4e72c90dd459eeb897e629577a47890ef3b44'],JD Vance is a piece of s—t,,['No Paywall'],,,[],['r/politics'],https://reddit.com/r/politics/comments/1qdne5l/jd_vance_is_a_piece_of_st/,21011,0,626,0,,"{'likes': 21011, 'reposts': 0, 'quotes': 0}",1qdne5l,1qdne5l,reddit_multi_separate_files_v1
reddit,reddit,reddit_post,89w7f36w,plz-let-me-in,1qdl4qc,politics,2026-01-15T22:00:06.817574+00:00,2026-01-15T14:34:46+00:00,https://reddit.com/r/politics/comments/1qdl4qc/republican_signals_support_for_trump_impeachment/,reddit.com,['https://external-preview.redd.it/jQxevQrPPM4wkr5ZHOxpxgQpWHwLrCNKL5OW_ptnIh8.jpeg?auto=webp&s=888adea2c48cc40eb52134959e373670675ee751'],Republican Signals Support for Trump Impeachment,,['No Paywall'],,,[],['r/politics'],https://reddit.com/r/politics/comments/1qdl4qc/republican_signals_support_for_trump_impeachment/,14475,0,574,0,,"{'likes': 14475, 'reposts': 0, 'quotes': 0}",1qdl4qc,1qdl4qc,reddit_multi_separate_files_v1
reddit,reddit,reddit_post,624kdlfn,MarcEElias,1qdqp0k,politics,2026-01-15T22:00:07.186327+00:00,2026-01-15T17:59:01+00:00,https://reddit.com/r/politics/comments/1qdqp0k/trump_we_shouldnt_even_have_an_election/,reddit.com,['https://external-preview.redd.it/hR15idC9m2OtIG5VoUQkvuq5ApF_gBk4_j4D4I4qxQs.jpeg?auto=webp&s=771c712cf615ab55ac25d033083e3f82571039ea'],Trump: ‘We shouldn’t even have an election’,,['No Paywall'],,,[],['r/politics'],https://reddit.com/r/politics/comments/1qdqp0k/trump_we_shouldnt_even_have_an_election/,13712,0,1055,0,,"{'likes': 13712, 'reposts': 0, 'quotes': 0}",1qdqp0k,1qdqp0k,reddit_multi_separate_files_v1
reddit,reddit,reddit_post,hucby,Doener23,1qde505,politics,2026-01-15T22:00:07.555892+00:00,2026-01-15T08:27:09+00:00,https://reddit.com/r/politics/comments/1qde505/86_percent_in_new_poll_against_us_taking/,reddit.com,['https://external-preview.redd.it/a9c807oIYlbnV5RZu8tF34KBVC5R0CD9YE_XBbadIWE.jpeg?auto=webp&s=af6e326fc994be9d063d907240e8bba4dbabde94'],86 percent in new poll against US taking Greenland by force,,['No Paywall'],,,[],['r/politics'],https://reddit.com/r/politics/comments/1qde505/86_percent_in_new_poll_against_us_taking/,10905,0,581,0,,"{'likes': 10905, 'reposts': 0, 'quotes': 0}",1qde505,1qde505,reddit_multi_separate_files_v1
reddit,reddit,reddit_post,tyyiguo,thedailybeast,1qdpeod,politics,2026-01-15T22:00:07.914441+00:00,2026-01-15T17:13:38+00:00,https://reddit.com/r/politics/comments/1qdpeod/ice_barbie_warns_americans_must_be_prepared_to/,reddit.com,['https://external-preview.redd.it/6d-liwMJKjvxhvFQ9LU5rwwBBR2T-TaEVbPRfqy_EGg.jpeg?auto=webp&s=036ae95a077fb5436173e671bf4397f67e847415'],ICE Barbie Warns Americans Must Be Prepared to Prove Citizenship,,['Possible Paywall'],,,[],['r/politics'],https://reddit.com/r/politics/comments/1qdpeod/ice_barbie_warns_americans_must_be_prepared_to/,10678,0,1823,0,,"{'likes': 10678, 'reposts': 0, 'quotes': 0}",1qdpeod,1qdpeod,reddit_multi_separate_files_v1
reddit,reddit,reddit_post,iigz6,mvanigan,1qdjg8m,politics,2026-01-15T22:00:08.278491+00:00,2026-01-15T13:26:12+00:00,https://reddit.com/r/politics/comments/1qdjg8m/trump_threatens_to_use_the_insurrection_act_to/,reddit.com,['https://external-preview.redd.it/0gYK1LzlAOlj9p7W-6MN0Z0gakIG_m04sRd2i3vDAmw.jpeg?auto=webp&s=0e794c386fccff1d1013aff957816c55ded359a1'],Trump threatens to use the Insurrection Act to ‘put an end’ to protests in Minneapolis,,['No Paywall'],,,[],['r/politics'],https://reddit.com/r/politics/comments/1qdjg8m/trump_threatens_to_use_the_insurrection_act_to/,9096,0,999,0,,"{'likes': 9096, 'reposts': 0, 'quotes': 0}",1qdjg8m,1qdjg8m,reddit_multi_separate_files_v1
reddit,reddit,reddit_post,35fk2,Quirkie,1qdpldv,politics,2026-01-15T22:00:08.644289+00:00,2026-01-15T17:20:11+00:00,https://reddit.com/r/politics/comments/1qdpldv/delusional_trump_79_floats_unhinged_reason_to/,reddit.com,['https://external-preview.redd.it/aLqgpRFlv61j05mjSVaRSR7cA2SZ4Vow83_rX9Loja0.jpeg?auto=webp&s=69916cb84a4942d6e72a50eb9bbf2077c6662fa1'],"Delusional Trump, 79, Floats Unhinged Reason to Skip Midterms - The president has little hope that the GOP will perform well in November.",,['Possible Paywall'],,,[],['r/politics'],https://reddit.com/r/politics/comments/1qdpldv/delusional_trump_79_floats_unhinged_reason_to/,6971,0,412,0,,"{'likes': 6971, 'reposts': 0, 'quotes': 0}",1qdpldv,1qdpldv,reddit_multi_separate_files_v1
reddit,reddit,reddit_post,68la5wao,ChiGuy6124,1qdjqmg,politics,2026-01-15T22:00:09.009313+00:00,2026-01-15T13:38:26+00:00,https://reddit.com/r/politics/comments/1qdjqmg/trump_threatens_to_use_the_insurrection_act_if/,reddit.com,['https://external-preview.redd.it/GjGc8cg8evRnUL1D1rtzpM8LDLanqWMzlpcNt7SWOf0.png?auto=webp&s=5f64c4fe8dffc60e2ef9d4d2a63b545282f484fe'],Trump threatens to use the Insurrection Act if Minnesota doesn’t stop ‘attacking ICE agents’,,['No Paywall'],,,[],['r/politics'],https://reddit.com/r/politics/comments/1qdjqmg/trump_threatens_to_use_the_insurrection_act_if/,6761,0,742,0,,"{'likes': 6761, 'reposts': 0, 'quotes': 0}",1qdjqmg,1qdjqmg,reddit_multi_separate_files_v1
reddit,reddit,reddit_post,avobu,zsreport,1qdhlzy,politics,2026-01-15T22:00:09.389735+00:00,2026-01-15T11:58:08+00:00,https://reddit.com/r/politics/comments/1qdhlzy/trump_is_something_worse_than_a_fascist/,reddit.com,['https://external-preview.redd.it/jUatqbLSct2yW1dSQ3jzyOiY-krB9wJL_FcxEyoB4s8.jpeg?auto=webp&s=1cf725f5784b9d6cce2249a342558d6c9bd5b560'],Trump is something worse than a fascist,,['No Paywall'],,,[],['r/politics'],https://reddit.com/r/politics/comments/1qdhlzy/trump_is_something_worse_than_a_fascist/,6474,0,442,0,,"{'likes': 6474, 'reposts': 0, 'quotes': 0}",1qdhlzy,1qdhlzy,reddit_multi_separate_files_v1
reddit,reddit,reddit_post,89w7f36w,plz-let-me-in,1qdnyeo,politics,2026-01-15T22:00:09.753064+00:00,2026-01-15T16:20:57+00:00,https://reddit.com/r/politics/comments/1qdnyeo/house_democrat_introducing_legislation_to_abolish/,reddit.com,['https://external-preview.redd.it/OveTn5RD0W3PKrTw3DRnMfOqZigZHi3tYOtR6vpVi4o.jpeg?auto=webp&s=09211e02d92fe11a1806f2cdce3794e379d5e220'],House Democrat introducing legislation to abolish ICE: ‘Beyond reform’,,['No Paywall'],,,[],['r/politics'],https://reddit.com/r/politics/comments/1qdnyeo/house_democrat_introducing_legislation_to_abolish/,5834,0,124,0,,"{'likes': 5834, 'reposts': 0, 'quotes': 0}",1qdnyeo,1qdnyeo,reddit_multi_separate_files_v1
reddit,reddit,reddit_post,4h3yjuns,LaneSE1980,1qdjuxe,politics,2026-01-15T22:00:10.158922+00:00,2026-01-15T13:43:26+00:00,https://reddit.com/r/politics/comments/1qdjuxe/trump_and_stephen_miller_have_created_a_secret/,reddit.com,['https://external-preview.redd.it/g64d1aUrX2iyqhGnpmeZETLOhh7X9T_vO5r806dJ1-g.jpeg?auto=webp&s=10f81027f5158225d47804b351f25f9ce399a8fb'],Trump And Stephen Miller Have Created A Secret Police Force In Plain Sight,,['No Paywall'],,,[],['r/politics'],https://reddit.com/r/politics/comments/1qdjuxe/trump_and_stephen_miller_have_created_a_secret/,5152,0,179,0,,"{'likes': 5152, 'reposts': 0, 'quotes': 0}",1qdjuxe,1qdjuxe,reddit_multi_separate_files_v1
reddit,reddit,reddit_post,k4oq4by,huffpost,1qdrs3t,politics,2026-01-15T22:00:10.527924+00:00,2026-01-15T18:37:07+00:00,https://reddit.com/r/politics/comments/1qdrs3t/pam_bondi_visibly_furious_at_prosecutors_who/,reddit.com,['https://external-preview.redd.it/L4iCPIz_xVkdJ78FvK6tg5FgB6XFyd_TTFp03i2TfnQ.jpeg?auto=webp&s=27ed45c0ed3f1e9575d7976e311363e3999a4885'],Pam Bondi Visibly Furious At Prosecutors Who Reportedly Quit Rather Than Probe ICE Shooting Victim's Widow,,['No Paywall'],,,[],['r/politics'],https://reddit.com/r/politics/comments/1qdrs3t/pam_bondi_visibly_furious_at_prosecutors_who/,4098,0,178,0,,"{'likes': 4098, 'reposts': 0, 'quotes': 0}",1qdrs3t,1qdrs3t,reddit_multi_separate_files_v1
reddit,reddit,reddit_post,js5a5,GirasoleDE,1qd4zuo,politics,2026-01-15T22:00:10.893943+00:00,2026-01-15T00:48:17+00:00,https://reddit.com/r/politics/comments/1qd4zuo/trump_admin_accused_of_adopting_hitlers_nazi/,reddit.com,['https://external-preview.redd.it/XdwK69a509JveGEeSqN4HYQXPF0CLYxT3oWeIRTcXSQ.jpeg?auto=webp&s=7e7415991ff82037562712d849df4b0d64a3fdd9'],Trump Admin Accused of Adopting Hitler’s Nazi Propaganda | The contentious messaging has ramped up as tensions escalate across America in the wake of last week’s ICE shooting.,,['Possible Paywall'],,,[],['r/politics'],https://reddit.com/r/politics/comments/1qd4zuo/trump_admin_accused_of_adopting_hitlers_nazi/,3459,0,100,0,,"{'likes': 3459, 'reposts': 0, 'quotes': 0}",1qd4zuo,1qd4zuo,reddit_multi_separate_files_v1
reddit,reddit,reddit_post,89w7f36w,plz-let-me-in,1qdmtsr,politics,2026-01-15T22:00:11.258681+00:00,2026-01-15T15:39:41+00:00,https://reddit.com/r/politics/comments/1qdmtsr/kristi_noem_impeachment_gains_traction_to_end_her/,reddit.com,['https://external-preview.redd.it/TXvZKlZftv_Pw6K2NDItuPmunlL4YwUG8k87Drux154.jpeg?auto=webp&s=479eee5f97090362693f09bb2021b859352d39f7'],Kristi Noem Impeachment Gains Traction to End Her 'Reign of Terror',,['No Paywall'],,,[],['r/politics'],https://reddit.com/r/politics/comments/1qdmtsr/kristi_noem_impeachment_gains_traction_to_end_her/,3349,0,103,0,,"{'likes': 3349, 'reposts': 0, 'quotes': 0}",1qdmtsr,1qdmtsr,reddit_multi_separate_files_v1
reddit,reddit,reddit_post,14midf1wyz,turb0_encapsulator,1qdq1hj,politics,2026-01-15T22:00:11.633871+00:00,2026-01-15T17:35:52+00:00,https://reddit.com/r/politics/comments/1qdq1hj/trump_is_keeping_money_from_venezuelan_oil_sale/,reddit.com,['https://external-preview.redd.it/3eaGen38R5X9U8D9gDpGcRKvHMIfoqieZPozdHjFq2I.jpeg?auto=webp&s=cf29b9117b2f5edd5ca5cd626f7d96c75c5502b8'],Trump Is Keeping Money From Venezuelan Oil Sale in Offshore Account,,['Possible Paywall'],,,[],['r/politics'],https://reddit.com/r/politics/comments/1qdq1hj/trump_is_keeping_money_from_venezuelan_oil_sale/,2868,0,207,0,,"{'likes': 2868, 'reposts': 0, 'quotes': 0}",1qdq1hj,1qdq1hj,reddit_multi_separate_files_v1
reddit,reddit,reddit_post,sajqpnmsu,projecto15,1qdergs,politics,2026-01-15T22:00:13.454559+00:00,2026-01-15T09:06:28+00:00,https://reddit.com/r/politics/comments/1qdergs/this_is_not_how_a_normal_president_speaks/,reddit.com,[],This Is Not How a Normal President Speaks,,['Possible Paywall'],,,[],['r/politics'],https://reddit.com/r/politics/comments/1qdergs/this_is_not_how_a_normal_president_speaks/,2843,0,143,0,,"{'likes': 2843, 'reposts': 0, 'quotes': 0}",1qdergs,1qdergs,reddit_multi_separate_files_v1
reddit,reddit,reddit_post,7uy2244n,Canuck-overseas,1qdhn6d,politics,2026-01-15T22:00:13.817178+00:00,2026-01-15T11:59:52+00:00,https://reddit.com/r/politics/comments/1qdhn6d/european_troops_arrive_in_greenland_to_ensure/,reddit.com,['https://external-preview.redd.it/AHsIJ1i-7oAW6YMI1-6IQhckzrgr8eCHI2fkwtdF3sI.jpeg?auto=webp&s=68e867ec42d0219fea4b7849fd0e569792462160'],European troops arrive in Greenland to 'ensure Arctic security',,['No Paywall'],,,[],['r/politics'],https://reddit.com/r/politics/comments/1qdhn6d/european_troops_arrive_in_greenland_to_ensure/,2806,0,377,0,,"{'likes': 2806, 'reposts': 0, 'quotes': 0}",1qdhn6d,1qdhn6d,reddit_multi_separate_files_v1
reddit,reddit,reddit_post,cwjsj6b8,TheNewYorkSun,1qdhbye,politics,2026-01-15T22:00:14.194402+00:00,2026-01-15T11:42:32+00:00,https://reddit.com/r/politics/comments/1qdhbye/democrats_notch_major_redistricting_wins_in/,reddit.com,['https://external-preview.redd.it/8cgU7_gZMjPOTNBDyv6mbWHXa6j2NB3STNTaQAFz-jg.jpeg?auto=webp&s=db4f69266cbe5d7d450167ba862e4cc8b08475ae'],"Democrats Notch Major Redistricting Wins in Virginia and California, Likely Opening the Door to Nine-Seat Gain in House",,['No Paywall'],,,[],['r/politics'],https://reddit.com/r/politics/comments/1qdhbye/democrats_notch_major_redistricting_wins_in/,2537,0,118,0,,"{'likes': 2537, 'reposts': 0, 'quotes': 0}",1qdhbye,1qdhbye,reddit_multi_separate_files_v1
reddit,reddit,reddit_post,8njgmjuo,Zipper222222,1qdhqwo,politics,2026-01-15T22:00:14.550268+00:00,2026-01-15T12:05:00+00:00,https://reddit.com/r/politics/comments/1qdhqwo/24_members_of_congress_are_80_or_older_more_than/,reddit.com,['https://external-preview.redd.it/JrWok2GQn8cygzBB4ePM8YabIdbBlW3faoJgt5ZZefw.jpeg?auto=webp&s=5a40a5c6835f3b4c3d189c5f1e058fcf95585dcd'],24 members of Congress are 80 or older. More than half are running for re-election.,,['No Paywall'],,,[],['r/politics'],https://reddit.com/r/politics/comments/1qdhqwo/24_members_of_congress_are_80_or_older_more_than/,2470,0,250,0,,"{'likes': 2470, 'reposts': 0, 'quotes': 0}",1qdhqwo,1qdhqwo,reddit_multi_separate_files_v1
reddit,reddit,reddit_post,2p657,AngelaMotorman,1qd1rg9,politics,2026-01-15T22:00:14.909981+00:00,2026-01-14T22:35:48+00:00,https://reddit.com/r/politics/comments/1qd1rg9/america_needs_a_renee_good_civil_rights_act/,reddit.com,['https://external-preview.redd.it/3VT-x60qouQl1c1ch9ImI1S4dGMuC23NKopSbO2VkNM.jpeg?auto=webp&s=e29212c0e6b3e113dc5a2e6cf1e00f26e2914ceb'],America Needs a Renee Good Civil Rights Act,,['Possible Paywall'],,,[],['r/politics'],https://reddit.com/r/politics/comments/1qd1rg9/america_needs_a_renee_good_civil_rights_act/,1957,0,60,0,,"{'likes': 1957, 'reposts': 0, 'quotes': 0}",1qd1rg9,1qd1rg9,reddit_multi_separate_files_v1
reddit,reddit,reddit_post,ekuf53sio,Ancient_Popcorn,1qdq4zl,politics,2026-01-15T22:00:15.273344+00:00,2026-01-15T17:39:11+00:00,https://reddit.com/r/politics/comments/1qdq4zl/trump_muses_on_midterms_when_you_think_of_it_we/,reddit.com,['https://external-preview.redd.it/NcTM2Fl4dRlb8r6g6DgsST0392ToPCijPgDmkU96cTo.jpeg?auto=webp&s=63ebb7e41ea82da75a0a7628b76f8f03cc50eea9'],"Trump muses on midterms: “When you think of it, we shouldn't even have an election”",,['No Paywall'],,,[],['r/politics'],https://reddit.com/r/politics/comments/1qdq4zl/trump_muses_on_midterms_when_you_think_of_it_we/,1904,0,217,0,,"{'likes': 1904, 'reposts': 0, 'quotes': 0}",1qdq4zl,1qdq4zl,reddit_multi_separate_files_v1
reddit,reddit,reddit_post,12boxb0nxo,Prospect_UK,1qdlcon,politics,2026-01-15T22:00:15.636265+00:00,2026-01-15T14:43:25+00:00,https://reddit.com/r/politics/comments/1qdlcon/trump_has_destroyed_american_soft_power/,reddit.com,['https://external-preview.redd.it/gsDQPGl-Fx6Y0EDKVHypTDInVIu08E1pfGnJg9tQuII.png?auto=webp&s=04296fdb33d0609dd2a64273595246386584d9fd'],Trump has destroyed American soft power,,['Possible Paywall'],,,[],['r/politics'],https://reddit.com/r/politics/comments/1qdlcon/trump_has_destroyed_american_soft_power/,1797,0,130,0,,"{'likes': 1797, 'reposts': 0, 'quotes': 0}",1qdlcon,1qdlcon,reddit_multi_separate_files_v1
reddit,reddit,reddit_post,ea2wnv0y,PackmuleIT,1qdl1ub,politics,2026-01-15T22:00:16.198477+00:00,2026-01-15T14:31:29+00:00,https://reddit.com/r/politics/comments/1qdl1ub/a_piece_of_what_critics_mock_trump_officials/,reddit.com,['https://external-preview.redd.it/5O4jAEKkMpeXMZqCtsPrWipPMZjKzUbqBrck8q07GiM.jpeg?auto=webp&s=211ba92d3b8c351bee65c0274ddf5240a5e5d078'],A Piece Of What?!? Critics Mock Trump Official's Truly 'Dystopian' New Meal Deal,,['No Paywall'],,,[],['r/politics'],https://reddit.com/r/politics/comments/1qdl1ub/a_piece_of_what_critics_mock_trump_officials/,1754,0,406,0,,"{'likes': 1754, 'reposts': 0, 'quotes': 0}",1qdl1ub,1qdl1ub,reddit_multi_separate_files_v1
reddit,reddit,reddit_post,nc6ne,Itsprobablysarcasm,1qdjnk9,politics,2026-01-15T22:00:16.585346+00:00,2026-01-15T13:34:51+00:00,https://reddit.com/r/politics/comments/1qdjnk9/how_a_billionaire_with_interests_in_greenland/,reddit.com,['https://external-preview.redd.it/XF46Muy7o4cCdIbFzCD_0WvUCRydF8xF1OzyhoVsQx0.jpeg?auto=webp&s=6480b320c65c68e71fe06146799c37fb85b5bebc'],How a billionaire with interests in Greenland encouraged Trump to acquire the territory,,['No Paywall'],,,[],['r/politics'],https://reddit.com/r/politics/comments/1qdjnk9/how_a_billionaire_with_interests_in_greenland/,1742,0,119,0,,"{'likes': 1742, 'reposts': 0, 'quotes': 0}",1qdjnk9,1qdjnk9,reddit_multi_separate_files_v1
reddit,reddit,reddit_post,8lemz,Large_banana_hammock,1qd5d2h,politics,2026-01-15T22:00:17.347729+00:00,2026-01-15T01:04:12+00:00,https://reddit.com/r/politics/comments/1qd5d2h/in_blocking_war_powers_resolution_gop_senators/,reddit.com,['https://external-preview.redd.it/0ifX3vCdZfZrGaoi2MWQu9zBUdQozEp76ILojV58gh4.jpeg?auto=webp&s=01793e04c3d7845f74a45e008e1871098023b91d'],"In Blocking War Powers Resolution, GOP Senators Fail Yet Again to Stand Up to Authoritarianism",,['No Paywall'],,,[],['r/politics'],https://reddit.com/r/politics/comments/1qd5d2h/in_blocking_war_powers_resolution_gop_senators/,1720,0,49,0,,"{'likes': 1720, 'reposts': 0, 'quotes': 0}",1qd5d2h,1qd5d2h,reddit_multi_separate_files_v1
reddit,reddit,reddit_post,1j9fi3ngym,jediporcupine,1qdp72w,politics,2026-01-15T22:00:17.702380+00:00,2026-01-15T17:06:03+00:00,https://reddit.com/r/politics/comments/1qdp72w/seizing_greenland_might_be_the_least_popular_idea/,reddit.com,['https://external-preview.redd.it/JcTcUs2kGyaI0UcDC3lRmz8u_fOPd6retNfeNB0QjcQ.jpeg?auto=webp&s=0b443e7d9390d07dcf54fbaaecc2d6368bef2966'],Seizing Greenland might be the least popular idea in American political history,,['No Paywall'],,,[],['r/politics'],https://reddit.com/r/politics/comments/1qdp72w/seizing_greenland_might_be_the_least_popular_idea/,1630,0,134,0,,"{'likes': 1630, 'reposts': 0, 'quotes': 0}",1qdp72w,1qdp72w,reddit_multi_separate_files_v1
reddit,reddit,reddit_post,2wucw,mushpuppy,1qdqtl9,politics,2026-01-15T22:00:18.666866+00:00,2026-01-15T18:03:12+00:00,https://reddit.com/r/politics/comments/1qdqtl9/minnesota_is_under_siege_this_cannot_stand/,reddit.com,['https://external-preview.redd.it/8xZ5pODJHsvpEl6hqY1jano6inphgMubELnakc6r52U.jpeg?auto=webp&s=08d992a665fe4bc952037c13b05fc33e8dac8e88'],Minnesota is Under Siege: This Cannot Stand,,['Possible Paywall'],,,[],['r/politics'],https://reddit.com/r/politics/comments/1qdqtl9/minnesota_is_under_siege_this_cannot_stand/,1513,0,63,0,,"{'likes': 1513, 'reposts': 0, 'quotes': 0}",1qdqtl9,1qdqtl9,reddit_multi_separate_files_v1
reddit,reddit,reddit_post,31v4ldcn,yoo_wtf,1qdf88h,politics,2026-01-15T22:00:19.226493+00:00,2026-01-15T09:36:10+00:00,https://reddit.com/r/politics/comments/1qdf88h/10th_amendment_minnesota_and_illinois_invoke_the/,reddit.com,['https://external-preview.redd.it/tQvpWOw9itvrlhKFNsCCtlGn8A4_-7GnTF1utFrMHIU.jpeg?auto=webp&s=ba2a945100a0f243df9b61592b884028f9691858'],10th Amendment: Minnesota and Illinois invoke the 10th Amendment in lawsuits to block federal agents in their cities. Here’s why that matters,,['Possible Paywall'],,,[],['r/politics'],https://reddit.com/r/politics/comments/1qdf88h/10th_amendment_minnesota_and_illinois_invoke_the/,1324,0,53,0,,"{'likes': 1324, 'reposts': 0, 'quotes': 0}",1qdf88h,1qdf88h,reddit_multi_separate_files_v1
reddit,reddit,reddit_post,rswkoeuc,SpaceElevatorMusic,1qdrsx3,politics,2026-01-15T22:00:19.587365+00:00,2026-01-15T18:37:56+00:00,https://reddit.com/r/politics/comments/1qdrsx3/proposed_california_legislation_aims_to_ensure/,reddit.com,['https://external-preview.redd.it/hK0DHlSEaEWBka_9eJx8yPWiKBn77puIplRYqCkmtxs.jpeg?auto=webp&s=f5c18ab81a558c79e13b6794398c54ce83e23584'],Proposed California legislation aims to ensure President Trump is excluded from 2028 ballot,,['No Paywall'],,,[],['r/politics'],https://reddit.com/r/politics/comments/1qdrsx3/proposed_california_legislation_aims_to_ensure/,1311,0,132,0,,"{'likes': 1311, 'reposts': 0, 'quotes': 0}",1qdrsx3,1qdrsx3,reddit_multi_separate_files_v1
reddit,reddit,reddit_post,omzcgrv9,Ok_Employer7837,1qd2lpx,politics,2026-01-15T22:00:20.362997+00:00,2026-01-14T23:09:11+00:00,https://reddit.com/r/politics/comments/1qd2lpx/ices_secret_programs_to_spy_on_all_of_us_exposed/,reddit.com,['https://external-preview.redd.it/Mk8TMfCg9wliwzFoCDxGx8imfbRcRzekMVBrRA8X_hY.jpeg?auto=webp&s=5c12ae95af151419a617ac3b65baabbfe9f64ab6'],ICE’s Secret Programs to Spy on All of Us Exposed,,['Possible Paywall'],,,[],['r/politics'],https://reddit.com/r/politics/comments/1qd2lpx/ices_secret_programs_to_spy_on_all_of_us_exposed/,1235,0,36,0,,"{'likes': 1235, 'reposts': 0, 'quotes': 0}",1qd2lpx,1qd2lpx,reddit_multi_separate_files_v1
reddit,reddit,reddit_post,8cutxtzs,Adventurous_Row3305,1qd5ghg,politics,2026-01-15T22:00:20.723232+00:00,2026-01-15T01:08:25+00:00,https://reddit.com/r/politics/comments/1qd5ghg/supreme_court_hacked_proving_its_cybersecurity_is/,reddit.com,['https://external-preview.redd.it/H5s1jEKu6drZON2EqrKIl9QZJoTqHvZXd7OPQXAbu2k.jpeg?auto=webp&s=42d3a992170bf8c477a8b25f0439ef7bee31fad2'],"Supreme Court Hacked, Proving Its Cybersecurity Is As Robust As Its Ethical Code",,['No Paywall'],,,[],['r/politics'],https://reddit.com/r/politics/comments/1qd5ghg/supreme_court_hacked_proving_its_cybersecurity_is/,1161,0,60,0,,"{'likes': 1161, 'reposts': 0, 'quotes': 0}",1qd5ghg,1qd5ghg,reddit_multi_separate_files_v1
reddit,reddit,reddit_post,1i775lx8jr,LooseDistance1059,1qdjs38,politics,2026-01-15T22:00:21.685890+00:00,2026-01-15T13:40:11+00:00,https://reddit.com/r/politics/comments/1qdjs38/aocs_bill_to_ban_deepfake_ai_porn_passed_senate/,reddit.com,['https://external-preview.redd.it/Gwy5II1Ilp5YMJkQncdI_2v9me5cdbCqtuInqizyNk4.jpeg?auto=webp&s=7ccf25bc8dc14bafacfafe5de789518a98e23960'],AOC’s bill to ban deepfake AI porn passed Senate. Why is the House taking so long?,,['No Paywall'],,,[],['r/politics'],https://reddit.com/r/politics/comments/1qdjs38/aocs_bill_to_ban_deepfake_ai_porn_passed_senate/,1139,0,67,0,,"{'likes': 1139, 'reposts': 0, 'quotes': 0}",1qdjs38,1qdjs38,reddit_multi_separate_files_v1
reddit,reddit,reddit_post,15p57lqb7u,90Hrm90,1qdixic,politics,2026-01-15T22:00:22.250326+00:00,2026-01-15T13:03:20+00:00,https://reddit.com/r/politics/comments/1qdixic/trump_goons_boast_they_ran_1000_simulations_to/,reddit.com,['https://external-preview.redd.it/QJGwZTF4K7EMDDkd3QjLZ2vMjtQmLdMNwiLWcggeGiU.jpeg?auto=webp&s=ad6109470118ca58b52f99a1cf19b5a6b6ec3137'],"Trump Goons Boast They Ran ‘1,000 Simulations’ to Recommend Tragic $3 Meal",,['Possible Paywall'],,,[],['r/politics'],https://reddit.com/r/politics/comments/1qdixic/trump_goons_boast_they_ran_1000_simulations_to/,1089,0,377,0,,"{'likes': 1089, 'reposts': 0, 'quotes': 0}",1qdixic,1qdixic,reddit_multi_separate_files_v1
reddit,reddit,reddit_post,58iti,Boonzies,1qdluib,politics,2026-01-15T22:00:22.605083+00:00,2026-01-15T15:02:19+00:00,https://reddit.com/r/politics/comments/1qdluib/trumps_pathetic_fundraising_email_about_his_dying/,reddit.com,['https://external-preview.redd.it/SpLbzicrUWWrV4DI1e4DjPj_EWRrCbO5Xur3JAHPAIw.jpeg?auto=webp&s=b4b466866a0a1b23226d65d862924a333660c1e2'],Trump’s ‘Pathetic’ Fundraising Email About His ‘Dying Laptop’ Crashes Hard Online,,['No Paywall'],,,[],['r/politics'],https://reddit.com/r/politics/comments/1qdluib/trumps_pathetic_fundraising_email_about_his_dying/,956,0,78,0,,"{'likes': 956, 'reposts': 0, 'quotes': 0}",1qdluib,1qdluib,reddit_multi_separate_files_v1
reddit,reddit,reddit_post,2mtq8m9h,SE_to_NW,1qddo0a,politics,2026-01-15T22:00:23.372323+00:00,2026-01-15T07:57:56+00:00,https://reddit.com/r/politics/comments/1qddo0a/bolton_trumps_greenland_grab_would_be_disaster/,reddit.com,['https://external-preview.redd.it/GvX8cMATPju8lLYByfLk08M8LBuV0mdLg4PkBROfITM.jpeg?auto=webp&s=58e034ac47cadf8f1108ff8c97d26ee9545c16fc'],Bolton: Trump's Greenland grab would be 'disaster for the United States',,['No Paywall'],,,[],['r/politics'],https://reddit.com/r/politics/comments/1qddo0a/bolton_trumps_greenland_grab_would_be_disaster/,870,0,88,0,,"{'likes': 870, 'reposts': 0, 'quotes': 0}",1qddo0a,1qddo0a,reddit_multi_separate_files_v1
reddit,reddit,reddit_post,jfh27y2c,Rock-n-roll-Kevin,1qd2mfd,politics,2026-01-15T22:00:23.864856+00:00,2026-01-14T23:09:56+00:00,https://reddit.com/r/politics/comments/1qd2mfd/ices_violence_is_by_design_under_trump/,reddit.com,['https://external-preview.redd.it/2Eane0gHSc5JO6yky1ixyB1XyMvhXFVB4010Sd1WYYI.jpeg?auto=webp&s=cd9a703b15b53450a798ca60c984bc875ecf3bb6'],ICE’s Violence Is “By Design” Under Trump,,['No Paywall'],,,[],['r/politics'],https://reddit.com/r/politics/comments/1qd2mfd/ices_violence_is_by_design_under_trump/,832,0,38,0,,"{'likes': 832, 'reposts': 0, 'quotes': 0}",1qd2mfd,1qd2mfd,reddit_multi_separate_files_v1
reddit,reddit,reddit_post,dz54148i,Hrmbee,1qd67cr,politics,2026-01-15T22:00:24.843130+00:00,2026-01-15T01:41:14+00:00,https://reddit.com/r/politics/comments/1qd67cr/white_house_post_nods_to_racist_farright/,reddit.com,['https://external-preview.redd.it/xcYUFex1ZLwyEpjA96PznqWWjKbI0oDvqxqmX4M09Xw.jpeg?auto=webp&s=748f0ad5f5e45a12b2d7ab7be2dfb9bfe376cb0e'],"White House post nods to racist, far-right subculture, extremism expert says | Image with question ‘Which way, Greenland man?’ is a ‘key concept in neo-Nazi and white supremacist subculture’",,['No Paywall'],,,[],['r/politics'],https://reddit.com/r/politics/comments/1qd67cr/white_house_post_nods_to_racist_farright/,825,0,47,0,,"{'likes': 825, 'reposts': 0, 'quotes': 0}",1qd67cr,1qd67cr,reddit_multi_separate_files_v1
reddit,reddit,reddit_post,u1ryk2yn,joe13pr,1qd3ah1,politics,2026-01-15T22:00:25.402561+00:00,2026-01-14T23:36:43+00:00,https://reddit.com/r/politics/comments/1qd3ah1/senate_gop_kills_war_powers_effort_to_limit_trump/,reddit.com,['https://external-preview.redd.it/OunOccTKTJx1v6pxWbK6o_XDoS0Alrn0AJPZ7mvLfm0.jpeg?auto=webp&s=e7555cb9e3df28989583d5a9a3c98f98031d5507'],"Senate GOP kills war powers effort to limit Trump on Venezuela, with Vance breaking tie",,['No Paywall'],,,[],['r/politics'],https://reddit.com/r/politics/comments/1qd3ah1/senate_gop_kills_war_powers_effort_to_limit_trump/,659,0,110,0,,"{'likes': 659, 'reposts': 0, 'quotes': 0}",1qd3ah1,1qd3ah1,reddit_multi_separate_files_v1
reddit,reddit,reddit_post,7kiri,JoeWhy2,1qdlqvi,politics,2026-01-15T22:00:25.758163+00:00,2026-01-15T14:58:43+00:00,https://reddit.com/r/politics/comments/1qdlqvi/trumps_agriculture_secretary_mocked_over/,reddit.com,['https://external-preview.redd.it/yWQQM4v_jcWFJPnzbvLN32lkLXP4jciBmMHp93ubnFg.jpeg?auto=webp&s=474bd58c07eca703dba85e780d5e36323be42ec3'],Trump’s agriculture secretary mocked over ‘depression meal’ for Americans,,['No Paywall'],,,[],['r/politics'],https://reddit.com/r/politics/comments/1qdlqvi/trumps_agriculture_secretary_mocked_over/,643,0,103,0,,"{'likes': 643, 'reposts': 0, 'quotes': 0}",1qdlqvi,1qdlqvi,reddit_multi_separate_files_v1
reddit,reddit,reddit_post,1h4coeopfd,icey_sawg0034,1qd7cwr,politics,2026-01-15T22:00:27.156276+00:00,2026-01-15T02:32:36+00:00,https://reddit.com/r/politics/comments/1qd7cwr/virginia_democrats_look_to_decimate_gop_seats_in/,reddit.com,[],Virginia Democrats look to decimate GOP seats in redistricting effort,,['Possible Paywall'],,,[],['r/politics'],https://reddit.com/r/politics/comments/1qd7cwr/virginia_democrats_look_to_decimate_gop_seats_in/,607,0,41,0,,"{'likes': 607, 'reposts': 0, 'quotes': 0}",1qd7cwr,1qd7cwr,reddit_multi_separate_files_v1
reddit,reddit,reddit_post,218ox1aofa,BulwarkOnline,1qdl503,politics,2026-01-15T22:00:28.115594+00:00,2026-01-15T14:35:05+00:00,https://reddit.com/r/politics/comments/1qdl503/ice_started_the_fire_rather_than_trying_to_calm/,reddit.com,['https://external-preview.redd.it/Jq7pDf7by_SCMQR3qlpmzSFCtMJ8EPb1-mr--0fc2yI.jpeg?auto=webp&s=48036832b34487e78dbdf0c540c9723753bdb8c4'],"ICE Started the Fire: Rather than trying to calm things down, the government is fanning the flames.",,['Possible Paywall'],,,[],['r/politics'],https://reddit.com/r/politics/comments/1qdl503/ice_started_the_fire_rather_than_trying_to_calm/,586,0,30,0,,"{'likes': 586, 'reposts': 0, 'quotes': 0}",1qdl503,1qdl503,reddit_multi_separate_files_v1
reddit,reddit,reddit_post,n4ey9,lotta_love,1qdcoi1,politics,2026-01-15T22:00:28.682836+00:00,2026-01-15T06:59:01+00:00,https://reddit.com/r/politics/comments/1qdcoi1/donald_trump_is_waging_war_against_human/,reddit.com,['https://external-preview.redd.it/Jo3F5iOf4I6nzMW2Oti7RW341Fx9FPoxiQE9N14gEvY.jpeg?auto=webp&s=bdb8a14eeaaf3d5701ff0e554678c4f8095ad162'],Donald Trump is waging war against human conscience,,['No Paywall'],,,[],['r/politics'],https://reddit.com/r/politics/comments/1qdcoi1/donald_trump_is_waging_war_against_human/,575,0,40,0,,"{'likes': 575, 'reposts': 0, 'quotes': 0}",1qdcoi1,1qdcoi1,reddit_multi_separate_files_v1
reddit,reddit,reddit_post,17bzdd24i2,Street_Anon,1qd90oh,politics,2026-01-15T22:00:29.047220+00:00,2026-01-15T03:48:58+00:00,https://reddit.com/r/politics/comments/1qd90oh/trump_endorses_making_marco_rubio_the_president/,reddit.com,['https://external-preview.redd.it/h8uoHwgxxwR_zhupueCTXqDoLgaO76HOg6XnBsNkDj0.jpeg?auto=webp&s=f8c217b9c425a2d6c7f7e79919600205c41472c1'],"Trump Endorses Making Marco Rubio the President of Cuba, then Calls Himself the 'Acting President of Venezuela'",,['No Paywall'],,,[],['r/politics'],https://reddit.com/r/politics/comments/1qd90oh/trump_endorses_making_marco_rubio_the_president/,551,0,112,0,,"{'likes': 551, 'reposts': 0, 'quotes': 0}",1qd90oh,1qd90oh,reddit_multi_separate_files_v1
reddit,reddit,reddit_post,o5byj,TelescopiumHerscheli,1qdkdol,politics,2026-01-15T22:00:29.804787+00:00,2026-01-15T14:04:27+00:00,https://reddit.com/r/politics/comments/1qdkdol/alarm_as_trump_doj_pushes_for_voter_information/,reddit.com,['https://external-preview.redd.it/_6o6RffXv1AKEF5k5Y_m13CxgEzubzGQp9ybzQRL5PQ.jpeg?auto=webp&s=d64f2b555d7a285ece77bb3194dd52b2bd675a02'],Alarm as Trump DoJ pushes for voter information on millions of Americans,,['No Paywall'],,,[],['r/politics'],https://reddit.com/r/politics/comments/1qdkdol/alarm_as_trump_doj_pushes_for_voter_information/,530,0,42,0,,"{'likes': 530, 'reposts': 0, 'quotes': 0}",1qdkdol,1qdkdol,reddit_multi_separate_files_v1
reddit,reddit,reddit_post,6mjw65d0,AndroidOne1,1qd2fvo,politics,2026-01-15T22:00:30.170630+00:00,2026-01-14T23:02:41+00:00,https://reddit.com/r/politics/comments/1qd2fvo/republican_congressman_blasts_trumps_greenland/,reddit.com,['https://external-preview.redd.it/q-O0Pk8INr-tQ3-SqH0lQKVswElrJ-9cGGxEmYJWlkI.jpeg?auto=webp&s=334415e2a92c8ed13a7b343c01adb44b6488dafd'],Republican congressman blasts Trump's Greenland invasion talk as 'one of the dumbest things' that could wreck NATO,,['No Paywall'],,,[],['r/politics'],https://reddit.com/r/politics/comments/1qd2fvo/republican_congressman_blasts_trumps_greenland/,483,0,40,0,,"{'likes': 483, 'reposts': 0, 'quotes': 0}",1qd2fvo,1qd2fvo,reddit_multi_separate_files_v1
reddit,reddit,reddit_post,9cki6,ILikeNeurons,1qd9wj1,politics,2026-01-15T22:00:31.133963+00:00,2026-01-15T04:31:52+00:00,https://reddit.com/r/politics/comments/1qd9wj1/cities_and_states_must_hold_ice_accountable_for/,reddit.com,['https://external-preview.redd.it/kZ4BU0YRT7p_M9FcqUuLVDEfdPO8EcSmmcmcBSEE49A.jpeg?auto=webp&s=a0464c676447582b4b344e939e0f488c474548d6'],Cities and states must hold ICE accountable for violence. The feds won’t,,['No Paywall'],,,[],['r/politics'],https://reddit.com/r/politics/comments/1qd9wj1/cities_and_states_must_hold_ice_accountable_for/,464,0,37,0,,"{'likes': 464, 'reposts': 0, 'quotes': 0}",1qd9wj1,1qd9wj1,reddit_multi_separate_files_v1
reddit,reddit,reddit_post,dpt0lmkd,NamelessResearcher,1qd1pyr,politics,2026-01-15T22:00:31.705740+00:00,2026-01-14T22:34:20+00:00,https://reddit.com/r/politics/comments/1qd1pyr/protrans_pediatric_group_wins_12_million_as_judge/,reddit.com,['https://external-preview.redd.it/sw00bkAfPlr9p6O_HV69j-Cz_RHW25phawVMZ99undg.jpeg?auto=webp&s=700cd307a414e04236c16d032f6711415d5a1c44'],Pro-trans pediatric group wins $12 million as judge slams Kennedy’s “retaliatory” cuts,,['No Paywall'],,,[],['r/politics'],https://reddit.com/r/politics/comments/1qd1pyr/protrans_pediatric_group_wins_12_million_as_judge/,439,0,8,0,,"{'likes': 439, 'reposts': 0, 'quotes': 0}",1qd1pyr,1qd1pyr,reddit_multi_separate_files_v1
reddit,reddit,reddit_post,572fplp9p,19thnews,1qdo1bq,politics,2026-01-15T22:00:32.077646+00:00,2026-01-15T16:23:55+00:00,https://reddit.com/r/politics/comments/1qdo1bq/ice_violence_against_women_is_increasingly/,reddit.com,['https://external-preview.redd.it/Ow8zUpx6z0UNP6IVUHgd0cP88ZsaJVfwrICNu45EXPk.jpeg?auto=webp&s=29e6c86c10aaec95c86dd95030f5a0628aaae5dc'],ICE violence against women is increasingly visible — and largely untracked,,['No Paywall'],,,[],['r/politics'],https://reddit.com/r/politics/comments/1qdo1bq/ice_violence_against_women_is_increasingly/,429,0,23,0,,"{'likes': 429, 'reposts': 0, 'quotes': 0}",1qdo1bq,1qdo1bq,reddit_multi_separate_files_v1
reddit,reddit,reddit_post,6ofoxzsr,tomorrow509,1qddoyd,politics,2026-01-15T22:00:32.855117+00:00,2026-01-15T07:59:32+00:00,https://reddit.com/r/politics/comments/1qddoyd/trump_is_making_china_not_america_great_again/,reddit.com,['https://external-preview.redd.it/s6dv9sH3Y_UJgimN9t8m4NDOhIF6RsVYnqT2F78J7JA.jpeg?auto=webp&s=117ddd3b9aa610000f20a79e1fe71605909e501a'],"Trump is making China – Not America – Great Again, Global Survey Suggests",,['No Paywall'],,,[],['r/politics'],https://reddit.com/r/politics/comments/1qddoyd/trump_is_making_china_not_america_great_again/,426,0,46,0,,"{'likes': 426, 'reposts': 0, 'quotes': 0}",1qddoyd,1qddoyd,reddit_multi_separate_files_v1
reddit,reddit,reddit_post,iw3lvvaz,ClimateSociologist,1qdj4hl,politics,2026-01-15T22:00:33.246090+00:00,2026-01-15T13:11:55+00:00,https://reddit.com/r/politics/comments/1qdj4hl/out_rep_angie_craig_outraged_after_ice_attacks/,reddit.com,['https://external-preview.redd.it/7Wdp-zuFxRuFbCjkPwhktG1zZUO447U4pXXkA78J2Go.jpeg?auto=webp&s=021317f8bf96edd90d60c141d121e8c4fd6aa133'],"Out Rep. Angie Craig outraged after ICE attacks teacher: ""Never seen such an out-of-control agency""",,['No Paywall'],,,[],['r/politics'],https://reddit.com/r/politics/comments/1qdj4hl/out_rep_angie_craig_outraged_after_ice_attacks/,419,0,12,0,,"{'likes': 419, 'reposts': 0, 'quotes': 0}",1qdj4hl,1qdj4hl,reddit_multi_separate_files_v1
reddit,reddit,reddit_post,17na2rhe0a,swiftfoot_hiker,1qd3q28,politics,2026-01-15T22:00:33.611115+00:00,2026-01-14T23:54:31+00:00,https://reddit.com/r/politics/comments/1qd3q28/epstein_survivors_ask_inspector_general_to_review/,reddit.com,['https://external-preview.redd.it/adLyvcRUEUIi27BHtNHI4tQoVnkjxB9UvnSVjWNJ4dw.jpeg?auto=webp&s=550d43fee8980f2d5bfd8b97aa7a5ec246f7dfe3'],Epstein survivors ask inspector general to review Justice Department’s release of files,,['Possible Paywall'],,,[],['r/politics'],https://reddit.com/r/politics/comments/1qd3q28/epstein_survivors_ask_inspector_general_to_review/,377,0,6,0,,"{'likes': 377, 'reposts': 0, 'quotes': 0}",1qd3q28,1qd3q28,reddit_multi_separate_files_v1
reddit,reddit,reddit_post,1nikwmzqvr,rezwenn,1qd1fpo,politics,2026-01-15T22:00:34.173716+00:00,2026-01-14T22:23:11+00:00,https://reddit.com/r/politics/comments/1qd1fpo/ice_is_waging_war_on_blue_cities/,reddit.com,['https://external-preview.redd.it/aH-XsOdTM6hvPV18jnA9mGeX11IXSLpTBhH7YVGsa8Y.jpeg?auto=webp&s=dae66912789ecfb793857cdb0e4d92bfe934bf79'],ICE Is Waging War on Blue Cities,,['Possible Paywall'],,,[],['r/politics'],https://reddit.com/r/politics/comments/1qd1fpo/ice_is_waging_war_on_blue_cities/,380,0,38,0,,"{'likes': 380, 'reposts': 0, 'quotes': 0}",1qd1fpo,1qd1fpo,reddit_multi_separate_files_v1
reddit,reddit,reddit_post,dz54148i,Hrmbee,1qdo8y5,politics,2026-01-15T22:00:35.331964+00:00,2026-01-15T16:31:39+00:00,https://reddit.com/r/politics/comments/1qdo8y5/new_bill_would_put_basic_limits_on_ice_use_of/,reddit.com,['https://external-preview.redd.it/S1jreVWTyYRxopFASErFvvJy7HWDn6qL09UJvzlVhi8.jpeg?auto=webp&s=8b0df1e63fca7006f1ed4baf12847a5e22967505'],New Bill Would Put Basic Limits on ICE Use of Force After Minneapolis Killing | Rep. Delia Ramirez called her bill “the bare minimum” to rein in ICE while Democratic leadership remains resistant to abolishing the agency,,['Possible Paywall'],,,[],['r/politics'],https://reddit.com/r/politics/comments/1qdo8y5/new_bill_would_put_basic_limits_on_ice_use_of/,380,0,93,0,,"{'likes': 380, 'reposts': 0, 'quotes': 0}",1qdo8y5,1qdo8y5,reddit_multi_separate_files_v1
reddit,reddit,reddit_post,1yvvovzvhv,sksarkpoes3,1qdnfij,politics,2026-01-15T22:00:35.697258+00:00,2026-01-15T16:02:05+00:00,https://reddit.com/r/politics/comments/1qdnfij/shutdowns_should_be_painful_for_members_of/,reddit.com,['https://external-preview.redd.it/osNMLorQA6tuXRK0DbzCY_ZVO1KAE-tWy26mQmsKXhM.jpeg?auto=webp&s=b83890c29e8424e6b2c7c0c4785bfc07ae8560f7'],"Shutdowns should be painful for members of Congress, too",,['No Paywall'],,,[],['r/politics'],https://reddit.com/r/politics/comments/1qdnfij/shutdowns_should_be_painful_for_members_of/,369,0,25,0,,"{'likes': 369, 'reposts': 0, 'quotes': 0}",1qdnfij,1qdnfij,reddit_multi_separate_files_v1
reddit,reddit,reddit_post,omzcgrv9,Ok_Employer7837,1qdn6ul,politics,2026-01-15T22:00:38.025079+00:00,2026-01-15T15:53:17+00:00,https://reddit.com/r/politics/comments/1qdn6ul/louisiana_wants_a_california_doctor_extradited_to/,reddit.com,[],Louisiana wants a California doctor extradited to face abortion charges. Newsom isn't having it.,,['Possible Paywall'],,,[],['r/politics'],https://reddit.com/r/politics/comments/1qdn6ul/louisiana_wants_a_california_doctor_extradited_to/,374,0,75,0,,"{'likes': 374, 'reposts': 0, 'quotes': 0}",1qdn6ul,1qdn6ul,reddit_multi_separate_files_v1
reddit,reddit,reddit_post,68la5wao,ChiGuy6124,1qd1061,politics,2026-01-15T22:00:38.576863+00:00,2026-01-14T22:06:14+00:00,https://reddit.com/r/politics/comments/1qd1061/does_congress_even_want_power_anymore/,reddit.com,['https://external-preview.redd.it/wQD_oMWVThveDEi77p5HVPHBDJkuRWiLYi1tH3YYcK8.jpeg?auto=webp&s=d5ecb5c6c483dff3db016a94151da2d7ef941bcf'],Does Congress Even Want Power Anymore?,,['Possible Paywall'],,,[],['r/politics'],https://reddit.com/r/politics/comments/1qd1061/does_congress_even_want_power_anymore/,368,0,69,0,,"{'likes': 368, 'reposts': 0, 'quotes': 0}",1qd1061,1qd1061,reddit_multi_separate_files_v1
reddit,reddit,reddit_post,3wp7dtc0,Flower-Immediate,1qdp8ms,politics,2026-01-15T22:00:38.946157+00:00,2026-01-15T17:07:37+00:00,https://reddit.com/r/politics/comments/1qdp8ms/iceland_demands_answers_from_us_after_trump_ally/,reddit.com,['https://external-preview.redd.it/yNY5qw4_IYJxtz_SskIypR6XpCWD40AiCW73qy9nqo8.jpeg?auto=webp&s=d80c21cae3ee59c23688624028ee9255fe8ab277'],Iceland demands answers from US after Trump ally cracks 52nd state joke,,['No Paywall'],,,[],['r/politics'],https://reddit.com/r/politics/comments/1qdp8ms/iceland_demands_answers_from_us_after_trump_ally/,353,0,83,0,,"{'likes': 353, 'reposts': 0, 'quotes': 0}",1qdp8ms,1qdp8ms,reddit_multi_separate_files_v1
reddit,reddit,reddit_post,8lemz,Large_banana_hammock,1qd50vf,politics,2026-01-15T22:00:39.311557+00:00,2026-01-15T00:49:30+00:00,https://reddit.com/r/politics/comments/1qd50vf/department_of_war_rebranding_could_cost_as_much/,reddit.com,['https://external-preview.redd.it/sANH2OMqwzA01DMD_hGwfLXbxPqW7ksZkWT3MWBSsM8.jpeg?auto=webp&s=ef0be27ff9c1f85676beb3b3edd4477c2efa2f40'],"'Department of War' rebranding could cost as much as $125M, hundreds of millions more if it becomes legal name: CBO",,['No Paywall'],,,[],['r/politics'],https://reddit.com/r/politics/comments/1qd50vf/department_of_war_rebranding_could_cost_as_much/,353,0,44,0,,"{'likes': 353, 'reposts': 0, 'quotes': 0}",1qd50vf,1qd50vf,reddit_multi_separate_files_v1
reddit,reddit,reddit_post,1yyh89knh5,runswithscissors475,1qd3i7i,politics,2026-01-15T22:00:39.682905+00:00,2026-01-14T23:45:24+00:00,https://reddit.com/r/politics/comments/1qd3i7i/federal_judges_uphold_californias_new/,reddit.com,['https://external-preview.redd.it/pjct2lkzoPlUeTbw8lIQxT_Wm25RlxG6i6fi8PwhBq0.jpeg?auto=webp&s=77ca3602ebeee87c75eca8227412ef0a9bf11bf3'],Federal Judges Uphold California’s New Congressional Maps Favoring Democrats,,['No Paywall'],,,[],['r/politics'],https://reddit.com/r/politics/comments/1qd3i7i/federal_judges_uphold_californias_new/,350,0,8,0,,"{'likes': 350, 'reposts': 0, 'quotes': 0}",1qd3i7i,1qd3i7i,reddit_multi_separate_files_v1
reddit,reddit,reddit_post,rdu8ry2s,ewzetf,1qdjy88,politics,2026-01-15T22:00:40.045196+00:00,2026-01-15T13:47:17+00:00,https://reddit.com/r/politics/comments/1qdjy88/trump_threatens_to_use_the_insurrection_act_to/,reddit.com,['https://external-preview.redd.it/_gLylv5B1lG9psY8Ve5R6G69tGEF5FfDa6zwmXF0r6U.jpeg?auto=webp&s=6982fef773d27f1da678f73da16af88b6dd4f45c'],Trump threatens to use the Insurrection Act to 'put an end' to protests in Minneapolis,,['No Paywall'],,,[],['r/politics'],https://reddit.com/r/politics/comments/1qdjy88/trump_threatens_to_use_the_insurrection_act_to/,334,0,118,0,,"{'likes': 334, 'reposts': 0, 'quotes': 0}",1qdjy88,1qdjy88,reddit_multi_separate_files_v1
reddit,reddit,reddit_post,rswkoeuc,SpaceElevatorMusic,1qd3lze,politics,2026-01-15T22:00:40.609819+00:00,2026-01-14T23:49:46+00:00,https://reddit.com/r/politics/comments/1qd3lze/senate_republicans_defeat_venezuela_war_powers/,reddit.com,['https://external-preview.redd.it/X3f5koT6qL182OgsEdnSh9bCkXrPhRiZs2YfomYykkg.jpeg?auto=webp&s=7dbf7aae13176d4ab06f2a8872933267f7927a5e'],Senate Republicans defeat Venezuela war powers resolution as Trump pressures 2 GOP senators to flip,,['No Paywall'],,,[],['r/politics'],https://reddit.com/r/politics/comments/1qd3lze/senate_republicans_defeat_venezuela_war_powers/,320,0,88,0,,"{'likes': 320, 'reposts': 0, 'quotes': 0}",1qd3lze,1qd3lze,reddit_multi_separate_files_v1
reddit,reddit,reddit_post,jnael,keeblerlsd,1qd9fi1,politics,2026-01-15T22:00:40.974271+00:00,2026-01-15T04:09:06+00:00,https://reddit.com/r/politics/comments/1qd9fi1/this_is_america_right_critic_of_miami_beach_mayor/,reddit.com,['https://external-preview.redd.it/_nGPCWht-Z6psKpgjg2qg5lcLWWmQy7id6sDyxXla6Q.jpeg?auto=webp&s=faa0c69ab7c55e3752256c38e1f83763fe37e66a'],"This is America, right?’: Critic of Miami Beach mayor gets police visit over Facebook comment",,['No Paywall'],,,[],['r/politics'],https://reddit.com/r/politics/comments/1qd9fi1/this_is_america_right_critic_of_miami_beach_mayor/,302,0,21,0,,"{'likes': 302, 'reposts': 0, 'quotes': 0}",1qd9fi1,1qd9fi1,reddit_multi_separate_files_v1
reddit,reddit,reddit_post,15p57lqb7u,90Hrm90,1qdd62n,politics,2026-01-15T22:00:41.733436+00:00,2026-01-15T07:27:33+00:00,https://reddit.com/r/politics/comments/1qdd62n/republicans_ripped_for_flipping_on_trump_war/,reddit.com,['https://external-preview.redd.it/04YRxZGAuB-eOZjF0vyr6Mse77fe-Jdyh3hKAEcI83E.jpeg?auto=webp&s=f478f5369b2651d72087d268973da80d4025b360'],Republicans ripped for flipping on Trump war powers effort,,['No Paywall'],,,[],['r/politics'],https://reddit.com/r/politics/comments/1qdd62n/republicans_ripped_for_flipping_on_trump_war/,299,0,38,0,,"{'likes': 299, 'reposts': 0, 'quotes': 0}",1qdd62n,1qdd62n,reddit_multi_separate_files_v1
reddit,reddit,reddit_post,1160s8,soldierofcinema,1qdjcnu,politics,2026-01-15T22:00:42.094229+00:00,2026-01-15T13:21:59+00:00,https://reddit.com/r/politics/comments/1qdjcnu/vance_hates_us_europes_greenland_fears_grow_as_us/,reddit.com,['https://external-preview.redd.it/6K46fV5VrDJ19kd6qP5R4gz2M-SZjR2yrKlgQR27eEQ.jpeg?auto=webp&s=2fa60cd8c88c817502d5c671c1515432dfb2036b'],‘Vance hates us’: Europe’s Greenland fears grow as US vice president dives into talks,,['No Paywall'],,,[],['r/politics'],https://reddit.com/r/politics/comments/1qdjcnu/vance_hates_us_europes_greenland_fears_grow_as_us/,246,0,59,0,,"{'likes': 246, 'reposts': 0, 'quotes': 0}",1qdjcnu,1qdjcnu,reddit_multi_separate_files_v1
reddit,reddit,reddit_post,22rnsdkci2,NEWHIGHFLY,1qdjqwl,politics,2026-01-15T22:00:43.056050+00:00,2026-01-15T13:38:46+00:00,https://reddit.com/r/politics/comments/1qdjqwl/trump_threatens_to_use_military_over_minnesota/,reddit.com,['https://external-preview.redd.it/NF4Sq23cYQ11RhaRwvfmJ7d3SiJy3lL6IcCT9zhjIFk.jpeg?auto=webp&s=712787610b91c0246be87f4640ec9ecfe6930fb1'],Trump threatens to use military over Minnesota anti-ICE protests,,['Possible Paywall'],,,[],['r/politics'],https://reddit.com/r/politics/comments/1qdjqwl/trump_threatens_to_use_military_over_minnesota/,247,0,49,0,,"{'likes': 247, 'reposts': 0, 'quotes': 0}",1qdjqwl,1qdjqwl,reddit_multi_separate_files_v1
reddit,reddit,reddit_post,j8xd26by,Ralph--Hinkley,1qd8l89,politics,2026-01-15T22:00:43.619276+00:00,2026-01-15T03:28:29+00:00,https://reddit.com/r/politics/comments/1qd8l89/secret_service_agent_assigned_to_jd_vance_put_on/,reddit.com,['https://external-preview.redd.it/ov64R7faIECuAHHYe0OQiyiXGDnuX5peKKybFRuzEbI.jpeg?auto=webp&s=6a6c747d3f5379b89b0c1b060fc10e286f3765fe'],Secret Service agent assigned to JD Vance put on leave after sharing ‘sensitive details’ on fake date,,['No Paywall'],,,[],['r/politics'],https://reddit.com/r/politics/comments/1qd8l89/secret_service_agent_assigned_to_jd_vance_put_on/,229,0,42,0,,"{'likes': 229, 'reposts': 0, 'quotes': 0}",1qd8l89,1qd8l89,reddit_multi_separate_files_v1
reddit,reddit,reddit_post,471z3,ZuP,1qd1yad,politics,2026-01-15T22:00:43.982536+00:00,2026-01-14T22:43:08+00:00,https://reddit.com/r/politics/comments/1qd1yad/ice_is_ok_with_renee_goods_killing_journalist_ken/,reddit.com,['https://external-preview.redd.it/GUsz3bJZd6LQtIf0aiI5dao-M_1nux_7npVtsNk32hg.jpeg?auto=webp&s=7d45e0c91873564a4330c35d8601957559fa1cfe'],“ICE Is OK with Renee Good’s Killing”: Journalist Ken Klippenstein on ICE Tactics & Recruitment,,['No Paywall'],,,[],['r/politics'],https://reddit.com/r/politics/comments/1qd1yad/ice_is_ok_with_renee_goods_killing_journalist_ken/,228,0,15,0,,"{'likes': 228, 'reposts': 0, 'quotes': 0}",1qd1yad,1qd1yad,reddit_multi_separate_files_v1
reddit,reddit,reddit_post,js5a5,GirasoleDE,1qdg8ff,politics,2026-01-15T22:00:44.745990+00:00,2026-01-15T10:38:43+00:00,https://reddit.com/r/politics/comments/1qdg8ff/germany_rebukes_rfk_jrs_claims_berlin_prosecuted/,reddit.com,['https://external-preview.redd.it/h9J4N4GyrzmNR_g8GpLtlP_RCS0YL2kKcWsaTDHLN0o.jpeg?auto=webp&s=762fe92750337191be46eded5e8ac1744e27f5af'],Germany rebukes RFK Jr.’s claims Berlin prosecuted doctors over Covid vaccine | Berlin says accusations by the U.S. health secretary are “completely unfounded” and “factually incorrect.”,,['No Paywall'],,,[],['r/politics'],https://reddit.com/r/politics/comments/1qdg8ff/germany_rebukes_rfk_jrs_claims_berlin_prosecuted/,223,0,13,0,,"{'likes': 223, 'reposts': 0, 'quotes': 0}",1qdg8ff,1qdg8ff,reddit_multi_separate_files_v1
reddit,reddit,reddit_post,hucby,Doener23,1qd2o8c,politics,2026-01-15T22:00:45.103956+00:00,2026-01-14T23:11:56+00:00,https://reddit.com/r/politics/comments/1qd2o8c/trump_says_anything_less_than_us_control_of/,reddit.com,['https://external-preview.redd.it/0bmXp1Yo4jFebl7iE4drMnRTXzFOJcWCNqLzy68U-k4.jpeg?auto=webp&s=c4e5b908d296c53d897d1bb16ac836c14025d56c'],Trump says ‘anything less’ than US control of Greenland is ‘unacceptable’,,['Possible Paywall'],,,[],['r/politics'],https://reddit.com/r/politics/comments/1qd2o8c/trump_says_anything_less_than_us_control_of/,190,0,144,0,,"{'likes': 190, 'reposts': 0, 'quotes': 0}",1qd2o8c,1qd2o8c,reddit_multi_separate_files_v1
reddit,reddit,reddit_post,hkkroaw,wiredmagazine,1qd27vl,politics,2026-01-15T22:00:46.071967+00:00,2026-01-14T22:53:55+00:00,https://reddit.com/r/politics/comments/1qd27vl/tech_workers_are_condemning_ice_even_as_their/,reddit.com,['https://external-preview.redd.it/d41Q3gf4jyog9dy2MHjlGk5PZan_0adSV9TdCmPsp2o.jpeg?auto=webp&s=1d43122c79449e734b800e07eb9fb8bab74c1e12'],Tech Workers Are Condemning ICE Even as Their CEOs Stay Quiet,,['Possible Paywall'],,,[],['r/politics'],https://reddit.com/r/politics/comments/1qd27vl/tech_workers_are_condemning_ice_even_as_their/,189,0,10,0,,"{'likes': 189, 'reposts': 0, 'quotes': 0}",1qd27vl,1qd27vl,reddit_multi_separate_files_v1
reddit,reddit,reddit_post,31rdxd2w,Crossstoney,1qd40e8,politics,2026-01-15T22:00:46.631905+00:00,2026-01-15T00:06:15+00:00,https://reddit.com/r/politics/comments/1qd40e8/republican_senator_writes_about_lindsey_grahams/,reddit.com,['https://external-preview.redd.it/jKe_HG6YeDuCVe8Qpe4QakzAUZxbMuX7cUGhvYerOzQ.jpeg?auto=webp&s=70b969e98d705c8158383cf9e80681bf72175b98'],Republican Senator Writes About Lindsey Graham’s Vomit in Fish Tank,,['Possible Paywall'],,,[],['r/politics'],https://reddit.com/r/politics/comments/1qd40e8/republican_senator_writes_about_lindsey_grahams/,28,0,13,0,,"{'likes': 28, 'reposts': 0, 'quotes': 0}",1qd40e8,1qd40e8,reddit_multi_separate_files_v1
