categories,collectDate,content,createDate,description,docId,docType,domain,fromCrawler,link,logoLink,numComments,numDislikes,numLikes,numShares,numViews,pictures,postId,postLink,provinces,reactions,source,sourceId,sourceName,tags,title,type,userId,userName
[],2026-01-09T16:06:07.529090+07:00,"“I don’t do politics.” 

Babyyyyy. Politics is about to do us all.",2026-01-03T21:14:57+07:00,,3801966081763027814,threads,threads.com,threads_crawler_v1,https://www.threads.net/@chasingdenisse/post/DTDTAH3katm,https://instagram.fhan3-2.fna.fbcdn.net/v/t51.2885-19/545523636_17923673898108403_2501905683679601338_n.jpg?stp=dst-jpg_s150x150_tt6&efg=eyJ2ZW5jb2RlX3RhZyI6InByb2ZpbGVfcGljLmRqYW5nby4xMDgwLmMxIn0&_nc_ht=instagram.fhan3-2.fna.fbcdn.net&_nc_cat=107&_nc_oc=Q6cZ2QHmWzLTImk4OVt76PD_9pIkWcFq40n4LEDeB06xgYm9MJmpqNnFNQ7HMScQ9c3OsgI&_nc_ohc=EtMGUREDaF8Q7kNvwFrMk-w&_nc_gid=cE15HdkOGGenDk2Pe4so_w&edm=AJhczIQBAAAA&ccb=7-5&oh=00_Afo5Dxk-aIXYGYAR4anewTwpd4UEi9p6-XOz6KUMupE32Q&oe=69669A32&_nc_sid=4a2096,307,0,67083,11374,0,[],,https://www.threads.net/@chasingdenisse/post/DTDTAH3katm,[],"{'likes': 67083, 'reposts': 11117, 'quotes': 257}",threads,3801966081763027814,denisse myrick,,"“I don’t do politics.” 

Babyyyyy. Politics is about to do us all.",threads,63289628402,chasingdenisse
[],2026-01-09T16:06:07.529217+07:00,"I do not want Venezuela
I do not want Greenland. 
I do not want Cuba. 
I do not want Canada. 
I do not want Mexico. 

I want affordable healthcare.
I want cancer research restored.
I want safe drinking water.
I want clean air.
I want big money out of politics.
I want Diversity.
I want Equity.
I want Inclusion.

(Oh, and release the Epstein files too)",2026-01-06T06:28:01+07:00,,3803694002345020242,threads,threads.com,threads_crawler_v1,https://www.threads.net/@bev47665/post/DTJb4rUDwtS,https://instagram.fhan4-3.fna.fbcdn.net/v/t51.2885-19/496236767_17848660314460500_6710844131372426036_n.jpg?stp=dst-jpg_s150x150_tt6&efg=eyJ2ZW5jb2RlX3RhZyI6InByb2ZpbGVfcGljLmRqYW5nby45NTguYzEifQ&_nc_ht=instagram.fhan4-3.fna.fbcdn.net&_nc_cat=100&_nc_oc=Q6cZ2QHmWzLTImk4OVt76PD_9pIkWcFq40n4LEDeB06xgYm9MJmpqNnFNQ7HMScQ9c3OsgI&_nc_ohc=idNJkrINFqIQ7kNvwHviIji&_nc_gid=cE15HdkOGGenDk2Pe4so_w&edm=AJhczIQBAAAA&ccb=7-5&oh=00_AfqK9jgfThBrrkVgKVQctP9YPTOcimQvS18qUR-qlNiPtw&oe=6966B167&_nc_sid=4a2096,1725,0,16943,1633,0,['https://instagram.fhan3-3.fna.fbcdn.net/v/t39.30808-6/609004493_24865952149747069_646289374384032690_n.jpg?stp=cp6_dst-jpg_e35_tt6&efg=eyJ2ZW5jb2RlX3RhZyI6InRocmVhZHMuRkVFRC5pbWFnZV91cmxnZW4uODMweDc4Ny5zZHIuZjMwODA4LmRlZmF1bHRfaW1hZ2UuYzEifQ&_nc_ht=instagram.fhan3-3.fna.fbcdn.net&_nc_cat=101&_nc_oc=Q6cZ2QHmWzLTImk4OVt76PD_9pIkWcFq40n4LEDeB06xgYm9MJmpqNnFNQ7HMScQ9c3OsgI&_nc_ohc=oM8lmChU0jIQ7kNvwHcRR6c&_nc_gid=cE15HdkOGGenDk2Pe4so_w&edm=AJhczIQAAAAA&ccb=7-5&ig_cache_key=MzgwMzY5NDAwMjM0NTAyMDI0Mg%3D%3D.3-ccb7-5&oh=00_AfrtHsbQfkNpN86vXwCbukNtNT_g9xZgLGb5o7A5l15uoQ&oe=69668025&_nc_sid=4a2096'],,https://www.threads.net/@bev47665/post/DTJb4rUDwtS,[],"{'likes': 16943, 'reposts': 1571, 'quotes': 62}",threads,3803694002345020242,Bev Moore,,"I do not want Venezuela
I do not want Greenland. 
I do not want Cuba. 
I do not want Canada. 
I do not want Mexico. 

I want affordable healthcare.
I want cancer research restored.
I want safe drinking water.
I want clean air.
I want big money out of politics.
I want Diversity.
I want Equity.
I want Inclusion.

(Oh, and release the Epstein files too)",threads,74270723688,bev47665
[],2026-01-09T16:06:07.529273+07:00,"Hi. Reintroducing myself here. My name is Leigh McGowan. I am the host of the PoliticsGirl Podcast, the creator of the viral Award winning KitchenRants, and the author of the New York Times Bestseller ‘A Return to Common Sense: How to Fix America Before We Really Blow It’….which, ironically, after the 2024 election still needs to be read. I hope you’ll follow me for truth, facts and my refusal to roll over for the fascists.",2024-11-12T23:20:35+07:00,,3499797836700957402,threads,threads.com,threads_crawler_v1,https://www.threads.net/@iampoliticsgirl/post/DCRx5b6Pbra,https://instagram.fhan3-3.fna.fbcdn.net/v/t51.2885-19/337358955_226498079866630_8086815434648931716_n.jpg?stp=dst-jpg_s150x150_tt6&efg=eyJ2ZW5jb2RlX3RhZyI6InByb2ZpbGVfcGljLmRqYW5nby4xMDgwLmMxIn0&_nc_ht=instagram.fhan3-3.fna.fbcdn.net&_nc_cat=1&_nc_oc=Q6cZ2QHmWzLTImk4OVt76PD_9pIkWcFq40n4LEDeB06xgYm9MJmpqNnFNQ7HMScQ9c3OsgI&_nc_ohc=3KNMnkF0uxEQ7kNvwHfdyom&_nc_gid=cE15HdkOGGenDk2Pe4so_w&edm=AJhczIQBAAAA&ccb=7-5&oh=00_AfqI1JSpuwTUi69xPRcHxi0PiLcSiAlzTw4Agdvi2pOgXA&oe=69669D11&_nc_sid=4a2096,508,0,14056,911,0,['https://instagram.fhan3-4.fna.fbcdn.net/v/t51.29350-15/466695652_744070797928816_5463692940491160901_n.jpg?stp=dst-jpg_e35_tt6&efg=eyJ2ZW5jb2RlX3RhZyI6InRocmVhZHMuRkVFRC5pbWFnZV91cmxnZW4uMTIwMXgxODAwLnNkci5mMjkzNTAuZGVmYXVsdF9pbWFnZS5jMSJ9&_nc_ht=instagram.fhan3-4.fna.fbcdn.net&_nc_cat=104&_nc_oc=Q6cZ2QHmWzLTImk4OVt76PD_9pIkWcFq40n4LEDeB06xgYm9MJmpqNnFNQ7HMScQ9c3OsgI&_nc_ohc=IGuW9DeWgK0Q7kNvwGxNZrb&_nc_gid=cE15HdkOGGenDk2Pe4so_w&edm=AJhczIQBAAAA&ccb=7-5&ig_cache_key=MzQ5OTc5NzgzNjcwMDk1NzQwMg%3D%3D.3-ccb7-5&oh=00_Afpydgl9mLAz4lbKWo_7KYu8yfN2NRGU-dW7UzAv0b4Jng&oe=69669DD8&_nc_sid=4a2096'],,https://www.threads.net/@iampoliticsgirl/post/DCRx5b6Pbra,[],"{'likes': 14056, 'reposts': 857, 'quotes': 54}",threads,3499797836700957402,Leigh McGowan,,"Hi. Reintroducing myself here. My name is Leigh McGowan. I am the host of the PoliticsGirl Podcast, the creator of the viral Award winning KitchenRants, and the author of the New York Times Bestseller ‘A Return to Common Sense: How to Fix America Before We Really Blow It’….which, ironically, after the 2024 election still needs to be read. I hope you’ll follow me for truth, facts and my refusal to roll over for the fascists.",threads,63098255657,iampoliticsgirl
[],2026-01-09T16:06:07.529325+07:00,Absolutely unconscionable and vile. This is what you support when you support Donald Trump. #politics #leftist #economy #news,2026-01-08T02:59:07+07:00,,3805038388194958029,threads,threads.com,threads_crawler_v1,https://www.threads.net/@itsluke_7/post/DTONkENFdrN,https://instagram.fhan3-3.fna.fbcdn.net/v/t51.2885-19/500641956_17872830372360252_4495926223212271125_n.jpg?stp=dst-jpg_s150x150_tt6&efg=eyJ2ZW5jb2RlX3RhZyI6InByb2ZpbGVfcGljLmRqYW5nby4xMDgwLmMxIn0&_nc_ht=instagram.fhan3-3.fna.fbcdn.net&_nc_cat=1&_nc_oc=Q6cZ2QHmWzLTImk4OVt76PD_9pIkWcFq40n4LEDeB06xgYm9MJmpqNnFNQ7HMScQ9c3OsgI&_nc_ohc=-IRDfnRx4EYQ7kNvwEx1mIK&_nc_gid=cE15HdkOGGenDk2Pe4so_w&edm=AJhczIQBAAAA&ccb=7-5&oh=00_Afq8SRSQE4wuyenod2Wt9JgTb6dblXRmTR9sOEBSXJuMfQ&oe=69669C18&_nc_sid=4a2096,271,0,2519,467,0,"['https://instagram.fhan4-6.fna.fbcdn.net/v/t51.2885-15/610831841_877405778006288_6339383098242236882_n.jpg?stp=dst-jpg_e15_tt6&efg=eyJ2ZW5jb2RlX3RhZyI6InRocmVhZHMuRkVFRC5pbWFnZV91cmxnZW4uNjQweDExMzYuc2RyLmY3MTg3OC5kZWZhdWx0X2NvdmVyX2ZyYW1lLmMxIn0&_nc_ht=instagram.fhan4-6.fna.fbcdn.net&_nc_cat=108&_nc_oc=Q6cZ2QHmWzLTImk4OVt76PD_9pIkWcFq40n4LEDeB06xgYm9MJmpqNnFNQ7HMScQ9c3OsgI&_nc_ohc=3g1fdBjotycQ7kNvwHh3d16&_nc_gid=cE15HdkOGGenDk2Pe4so_w&edm=AJhczIQBAAAA&ccb=7-5&ig_cache_key=MzgwNTAzODM4ODE5NDk1ODAyOQ%3D%3D.3-ccb7-5&oh=00_AfrRmYYhs4GRW_Z3_7XH0HH0N09vynd40wMIDU0VE9TNHQ&oe=69669C8C&_nc_sid=4a2096', 'https://instagram.fhan3-3.fna.fbcdn.net/o1/v/t2/f2/m86/AQPSGUAj7wulAQ5MuO1IhthZwWCx9MYDhFheF-8m6AWkCHufLtXZN18Nku6z1jT-ny0xT_dgPTyyFtwmaax9BU7d7crTHmpJWI2WCt8.mp4?_nc_cat=111&_nc_oc=AdmwVfY5K2wF5tSuqDnk04EVr_mwWflqYhd6T5lHvu1HCOcfo1jrdGx7nLKFzvxrpC4&_nc_sid=5e9851&_nc_ht=instagram.fhan3-3.fna.fbcdn.net&_nc_ohc=abaubZnhI9UQ7kNvwF-dtZH&efg=eyJ2ZW5jb2RlX3RhZyI6Inhwdl9wcm9ncmVzc2l2ZS5JTlNUQUdSQU0uRkVFRC5DMy43MjAuZGFzaF9iYXNlbGluZV8xX3YxIiwieHB2X2Fzc2V0X2lkIjoxMzU3MjUyMzEyMzQzMTQzLCJhc3NldF9hZ2VfZGF5cyI6MSwidmlfdXNlY2FzZV9pZCI6MTAwOTksImR1cmF0aW9uX3MiOjU1LCJ1cmxnZW5fc291cmNlIjoid3d3In0%3D&ccb=17-1&_nc_gid=cE15HdkOGGenDk2Pe4so_w&_nc_zt=28&vs=d289f3a027504037&_nc_vs=HBksFQIYUmlnX3hwdl9yZWVsc19wZXJtYW5lbnRfc3JfcHJvZC8zRTQ4N0ZCNEUwNzlCNzE0NkY0MkUzNjg5NzdBM0ZCRF92aWRlb19kYXNoaW5pdC5tcDQVAALIARIAFQIYOnBhc3N0aHJvdWdoX2V2ZXJzdG9yZS9HTlhsWnlTb0o0SXR1ZXNEQUh5bGRqQlc2NGQ3YnN0VEFRQUYVAgLIARIAKAAYABsCiAd1c2Vfb2lsATEScHJvZ3Jlc3NpdmVfcmVjaXBlATEVAAAmzomV372a6QQVAigCQzMsF0BL0QYk3S8bGBJkYXNoX2Jhc2VsaW5lXzFfdjERAHXqB2XmnQEA&oh=00_AfrGtmWxtl5yZhLgTYleredHobRPaH0B9IRNpfDF6lOtTA&oe=696296F0']",,https://www.threads.net/@itsluke_7/post/DTONkENFdrN,[],"{'likes': 2519, 'reposts': 447, 'quotes': 20}",threads,3805038388194958029,ItsLuke,,Absolutely unconscionable and vile. This is what you support when you support Donald Trump. #politics #leftist #economy #news,threads,70964122748,itsluke_7
[],2026-01-09T16:06:07.529354+07:00,"As we enter the 250th anniversary of the signing of the Declaration of Independence, the Trump presidency would be shocking to our founding fathers.

Watch the latest episode of The David Frum Show, available wherever you get your podcasts.

#trump #politics #maga #thedavidfrumshow",2026-01-01T01:41:15+07:00,,3799925777522589643,threads,threads.com,threads_crawler_v1,https://www.threads.net/@davidfrum/post/DS8DFyeFX_L,https://instagram.fhan4-3.fna.fbcdn.net/v/t51.2885-19/387645924_230851226642566_6784321773378795513_n.jpg?stp=dst-jpg_s150x150_tt6&efg=eyJ2ZW5jb2RlX3RhZyI6InByb2ZpbGVfcGljLmRqYW5nby4xMDgwLmMxIn0&_nc_ht=instagram.fhan4-3.fna.fbcdn.net&_nc_cat=110&_nc_oc=Q6cZ2QHmWzLTImk4OVt76PD_9pIkWcFq40n4LEDeB06xgYm9MJmpqNnFNQ7HMScQ9c3OsgI&_nc_ohc=XWHsKkg3CDQQ7kNvwEs9nuU&_nc_gid=cE15HdkOGGenDk2Pe4so_w&edm=AJhczIQBAAAA&ccb=7-5&oh=00_AfpT1-uaMbNFAvFynjkU3jlHpJKlZDnhf3MWYL-GiBWUgg&oe=6966A846&_nc_sid=4a2096,4,0,147,18,0,"['https://instagram.fhan3-3.fna.fbcdn.net/v/t51.2885-15/609594812_1205583298183717_5872494052467448837_n.jpg?stp=dst-jpg_e15_tt6&efg=eyJ2ZW5jb2RlX3RhZyI6InRocmVhZHMuRkVFRC5pbWFnZV91cmxnZW4uNjQweDExMzYuc2RyLmY3MTg3OC5kZWZhdWx0X2NvdmVyX2ZyYW1lLmMxIn0&_nc_ht=instagram.fhan3-3.fna.fbcdn.net&_nc_cat=101&_nc_oc=Q6cZ2QHmWzLTImk4OVt76PD_9pIkWcFq40n4LEDeB06xgYm9MJmpqNnFNQ7HMScQ9c3OsgI&_nc_ohc=BEuMBbjNyCYQ7kNvwHyBCN4&_nc_gid=cE15HdkOGGenDk2Pe4so_w&edm=AJhczIQBAAAA&ccb=7-5&ig_cache_key=Mzc5OTkyNTc3NzUyMjU4OTY0Mw%3D%3D.3-ccb7-5&oh=00_AfowuBw70oSyGhr-Fa2Wq9nqcSC-4TQ0cVkzIQux8gQWXQ&oe=6966A1C5&_nc_sid=4a2096', 'https://instagram.fhan3-4.fna.fbcdn.net/o1/v/t2/f2/m86/AQNQAfw4srO6hC0JcM2UerU_qZwMWYWP3iQmBljrWkUzaLrRV6mXwPzgvCmDd7vcedvzLoJnYBlUgbHkz8gMk3KnraMw0DKjXJxp-CU.mp4?_nc_cat=106&_nc_oc=Adncfbui7rcMXWsRcAGfEqhGyxNFLVICQN0lsx294LzkzYeB_qmeUdr5A77v7kQPTe0&_nc_sid=5e9851&_nc_ht=instagram.fhan3-4.fna.fbcdn.net&_nc_ohc=dgKeG65mAf0Q7kNvwG8f-KI&efg=eyJ2ZW5jb2RlX3RhZyI6Inhwdl9wcm9ncmVzc2l2ZS5JTlNUQUdSQU0uRkVFRC5DMy43MjAuZGFzaF9iYXNlbGluZV8xX3YxIiwieHB2X2Fzc2V0X2lkIjo0MDc1Nzk1NTAyNzMxNTIyLCJhc3NldF9hZ2VfZGF5cyI6OCwidmlfdXNlY2FzZV9pZCI6MTAwOTksImR1cmF0aW9uX3MiOjkwLCJ1cmxnZW5fc291cmNlIjoid3d3In0%3D&ccb=17-1&_nc_gid=cE15HdkOGGenDk2Pe4so_w&_nc_zt=28&vs=58805d77dd5ae82a&_nc_vs=HBksFQIYUmlnX3hwdl9yZWVsc19wZXJtYW5lbnRfc3JfcHJvZC80RjQzQURDNDkyQkQ3MzVENjRGMjI1NEZCQzdBMDI4Ql92aWRlb19kYXNoaW5pdC5tcDQVAALIARIAFQIYOnBhc3N0aHJvdWdoX2V2ZXJzdG9yZS9HUC1kVnlUVjRwd2M5MjRJQUJyNEVvc1pQWEE1YnN0VEFRQUYVAgLIARIAKAAYABsCiAd1c2Vfb2lsATEScHJvZ3Jlc3NpdmVfcmVjaXBlATEVAAAmhMTw8cK6vQ4VAigCQzMsF0BWkxJul41QGBJkYXNoX2Jhc2VsaW5lXzFfdjERAHXqB2XmnQEA&oh=00_AfqrcFBVBaeqEM7-GKaeprMFFKmELDwErnblGlejNkt6pQ&oe=6962B5DF']",,https://www.threads.net/@davidfrum/post/DS8DFyeFX_L,[],"{'likes': 147, 'reposts': 18, 'quotes': 0}",threads,3799925777522589643,David Frum,,"As we enter the 250th anniversary of the signing of the Declaration of Independence, the Trump presidency would be shocking to our founding fathers.

Watch the latest episode of The David Frum Show, available wherever you get your podcasts.

#trump #politics #maga #thedavidfrumshow",threads,63241777921,davidfrum
[],2026-01-09T16:06:07.529383+07:00,"“I don’t do politics”

Well, politics is doing us, regardless. 

So pay attention.",2025-11-23T07:04:54+07:00,,3771822436577496740,threads,threads.com,threads_crawler_v1,https://www.threads.net/@ninaturnerohio/post/DRYNIWoDM6k,https://instagram.fhan4-3.fna.fbcdn.net/v/t51.2885-19/603640694_17935652706108540_4663715750861226404_n.jpg?stp=dst-jpg_s150x150_tt6&efg=eyJ2ZW5jb2RlX3RhZyI6InByb2ZpbGVfcGljLmRqYW5nby4xMDgwLmMxIn0&_nc_ht=instagram.fhan4-3.fna.fbcdn.net&_nc_cat=100&_nc_oc=Q6cZ2QHmWzLTImk4OVt76PD_9pIkWcFq40n4LEDeB06xgYm9MJmpqNnFNQ7HMScQ9c3OsgI&_nc_ohc=C5zsZJBEdkQQ7kNvwE2-1xZ&_nc_gid=cE15HdkOGGenDk2Pe4so_w&edm=AJhczIQBAAAA&ccb=7-5&oh=00_Afr3XMxg0rsLnl9eTN8bPdMkaSueXPLnEKXrr61DmrUS1g&oe=696683A3&_nc_sid=4a2096,103,0,29584,5046,0,[],,https://www.threads.net/@ninaturnerohio/post/DRYNIWoDM6k,[],"{'likes': 29584, 'reposts': 4919, 'quotes': 127}",threads,3771822436577496740,Nina Turner,,"“I don’t do politics”

Well, politics is doing us, regardless. 

So pay attention.",threads,63143564539,ninaturnerohio
[],2026-01-09T16:06:07.529412+07:00,"I'm a 39-year-old Danish woman, and 8 months ago I started posting daily on Threads. 

I'm not a big Social Media person - facebook is just for random kids-and-dog pics, and I have 9 pictures on instagram.

But from a Danish perspective, watching Trump, MAGA and the madness of American politics has been.. something else🤯. 
So I started yelling into the void, just loving this community!

And somehow, I've ended up with more than 14.000 followers🙏🏻😄
NO idea how, but I guess I'll keep yelling📣🇩🇰",2025-11-12T20:37:17+07:00,,3764258789730842229,threads,threads.com,threads_crawler_v1,https://www.threads.net/@linmakron/post/DQ9VWzkjHZ1,https://instagram.fhan4-1.fna.fbcdn.net/v/t51.2885-19/476138557_1015613563934909_840413739592105116_n.jpg?stp=dst-jpg_s150x150_tt6&efg=eyJ2ZW5jb2RlX3RhZyI6InByb2ZpbGVfcGljLmRqYW5nby45NTguYzEifQ&_nc_ht=instagram.fhan4-1.fna.fbcdn.net&_nc_cat=105&_nc_oc=Q6cZ2QHmWzLTImk4OVt76PD_9pIkWcFq40n4LEDeB06xgYm9MJmpqNnFNQ7HMScQ9c3OsgI&_nc_ohc=M7adqQBL2M4Q7kNvwEVXSbA&_nc_gid=cE15HdkOGGenDk2Pe4so_w&edm=AJhczIQBAAAA&ccb=7-5&oh=00_AfoEdBE6LTtfPKEbxg7EwlrtVw50XAvnbLMsVVpUVgITbg&oe=696697E9&_nc_sid=4a2096,230,0,8786,129,0,[],,https://www.threads.net/@linmakron/post/DQ9VWzkjHZ1,[],"{'likes': 8786, 'reposts': 126, 'quotes': 3}",threads,3764258789730842229,Lin Makron,,"I'm a 39-year-old Danish woman, and 8 months ago I started posting daily on Threads. 

I'm not a big Social Media person - facebook is just for random kids-and-dog pics, and I have 9 pictures on instagram.

But from a Danish perspective, watching Trump, MAGA and the madness of American politics has been.. something else🤯. 
So I started yelling into the void, just loving this community!

And somehow, I've ended up with more than 14.000 followers🙏🏻😄
NO idea how, but I guess I'll keep yelling📣🇩🇰",threads,68542934953,linmakron
[],2026-01-09T16:06:07.529439+07:00,"If you have a problem with Trump, a Godly Man who loves America and the people! Then your problem isn't political it's spiritual! You are against God! For real 💗💯🙏",2025-10-19T13:37:26+07:00,,3746652853466081046,threads,threads.com,threads_crawler_v1,https://www.threads.net/@roberta.gods_girl/post/DP-yOtrjKcW,https://instagram.fhan3-4.fna.fbcdn.net/v/t51.2885-19/412576902_6893110507421586_2484751474849550527_n.jpg?stp=dst-jpg_s150x150_tt6&efg=eyJ2ZW5jb2RlX3RhZyI6InByb2ZpbGVfcGljLmRqYW5nby4xMDgwLmMxIn0&_nc_ht=instagram.fhan3-4.fna.fbcdn.net&_nc_cat=106&_nc_oc=Q6cZ2QHmWzLTImk4OVt76PD_9pIkWcFq40n4LEDeB06xgYm9MJmpqNnFNQ7HMScQ9c3OsgI&_nc_ohc=zbIMteVnpHMQ7kNvwF53wOB&_nc_gid=cE15HdkOGGenDk2Pe4so_w&edm=AJhczIQBAAAA&ccb=7-5&oh=00_AfrwiK2K5P7PiculIxOZIu_TbCdZZqLJcrzJo5i31nqOcw&oe=69668C9F&_nc_sid=4a2096,18120,0,1091,94,0,['https://instagram.fhan4-6.fna.fbcdn.net/v/t39.30808-6/565073493_1975308883323105_370829617273581606_n.jpg?stp=dst-jpg_e35_tt6&efg=eyJ2ZW5jb2RlX3RhZyI6InRocmVhZHMuRkVFRC5pbWFnZV91cmxnZW4uNzIweDEwNjYuc2RyLmYzMDgwOC5kZWZhdWx0X2ltYWdlLmMxIn0&_nc_ht=instagram.fhan4-6.fna.fbcdn.net&_nc_cat=109&_nc_oc=Q6cZ2QHmWzLTImk4OVt76PD_9pIkWcFq40n4LEDeB06xgYm9MJmpqNnFNQ7HMScQ9c3OsgI&_nc_ohc=DaHuSQXZaGEQ7kNvwEl2meZ&_nc_gid=cE15HdkOGGenDk2Pe4so_w&edm=AJhczIQAAAAA&ccb=7-5&ig_cache_key=Mzc0NjY1Mjg1MzQ2NjA4MTA0Ng%3D%3D.3-ccb7-5&oh=00_AfrJ4MXm0Dky5f4LCXK6lF9wy75oaAPBBvdUt09l5IyAdw&oe=6966A60D&_nc_sid=4a2096'],,https://www.threads.net/@roberta.gods_girl/post/DP-yOtrjKcW,[],"{'likes': 1091, 'reposts': 39, 'quotes': 55}",threads,3746652853466081046,Roberta Hanson,,"If you have a problem with Trump, a Godly Man who loves America and the people! Then your problem isn't political it's spiritual! You are against God! For real 💗💯🙏",threads,67442451171,roberta.gods_girl
[],2026-01-09T16:06:07.529468+07:00,"Half of Americans say the Trump administration is not committed to protecting Americans’ rights and freedoms, according to an ABC News/Washington Post/Ipsos poll conducted using Ipsos’ KnowledgePanel.

Read more: ",2025-11-03T21:00:41+07:00,,3757747585344969017,threads,threads.com,threads_crawler_v1,https://www.threads.net/@abcnews/post/DQmM4T8EZk5,https://instagram.fhan3-3.fna.fbcdn.net/v/t51.2885-19/358174312_1326910997933635_277879076083539649_n.jpg?stp=dst-jpg_s150x150_tt6&efg=eyJ2ZW5jb2RlX3RhZyI6InByb2ZpbGVfcGljLmRqYW5nby40MDAuYzEifQ&_nc_ht=instagram.fhan3-3.fna.fbcdn.net&_nc_cat=1&_nc_oc=Q6cZ2QHmWzLTImk4OVt76PD_9pIkWcFq40n4LEDeB06xgYm9MJmpqNnFNQ7HMScQ9c3OsgI&_nc_ohc=0fOY7rlMPnIQ7kNvwHDKX7w&_nc_gid=cE15HdkOGGenDk2Pe4so_w&edm=AJhczIQBAAAA&ccb=7-5&oh=00_Afo1I7ZXCMZ1dq3X1cAkzGXN_25hlQPFYY0IcAYhKnryUA&oe=69668585&_nc_sid=4a2096,30,0,278,39,0,['https://instagram.fhan4-6.fna.fbcdn.net/v/t51.2885-15/573295924_17928375051116624_1424257934573587010_n.jpg?stp=dst-jpg_e35_tt6&efg=eyJ2ZW5jb2RlX3RhZyI6InRocmVhZHMuRkVFRC5pbWFnZV91cmxnZW4uMTA4MHgxMzUwLnNkci5mODI3ODcuZGVmYXVsdF9pbWFnZS5jMSJ9&_nc_ht=instagram.fhan4-6.fna.fbcdn.net&_nc_cat=108&_nc_oc=Q6cZ2QHmWzLTImk4OVt76PD_9pIkWcFq40n4LEDeB06xgYm9MJmpqNnFNQ7HMScQ9c3OsgI&_nc_ohc=EsddwpIB1T4Q7kNvwGyEQzk&_nc_gid=cE15HdkOGGenDk2Pe4so_w&edm=AJhczIQBAAAA&ccb=7-5&ig_cache_key=Mzc1Nzc0NzU4NTM0NDk2OTAxNw%3D%3D.3-ccb7-5&oh=00_AfpRRYMhjGPQOnQUeK_WhxuQ1cIRyAUil0pTB8llQMEtog&oe=69668988&_nc_sid=4a2096'],,https://www.threads.net/@abcnews/post/DQmM4T8EZk5,[],"{'likes': 278, 'reposts': 35, 'quotes': 4}",threads,3757747585344969017,ABC News,,"Half of Americans say the Trump administration is not committed to protecting Americans’ rights and freedoms, according to an ABC News/Washington Post/Ipsos poll conducted using Ipsos’ KnowledgePanel.

Read more: https://abcnews.go.com/Politics/half-americans-trump-admin-committed-protecting-americans-rights/story?id=127099666",threads,63424404623,abcnews
[],2026-01-09T16:06:07.529495+07:00,"Ex-CIA here. Yes, the govt is lying about what happened in Minneapolis. We should all be concerned and enraged by this regardless where you stand politically.",2026-01-08T07:16:13+07:00,,3805167814055896576,threads,threads.com,threads_crawler_v1,https://www.threads.net/@disinfo_gal/post/DTOq_dbjSYA,https://instagram.fhan3-3.fna.fbcdn.net/v/t51.2885-19/358164005_110994648702251_8977052678666957445_n.jpg?stp=dst-jpg_s150x150_tt6&efg=eyJ2ZW5jb2RlX3RhZyI6InByb2ZpbGVfcGljLmRqYW5nby4xMDgwLmMxIn0&_nc_ht=instagram.fhan3-3.fna.fbcdn.net&_nc_cat=111&_nc_oc=Q6cZ2QHmWzLTImk4OVt76PD_9pIkWcFq40n4LEDeB06xgYm9MJmpqNnFNQ7HMScQ9c3OsgI&_nc_ohc=AYEl5uVknqEQ7kNvwHdj_TO&_nc_gid=cE15HdkOGGenDk2Pe4so_w&edm=AJhczIQBAAAA&ccb=7-5&oh=00_Afp6EbDyB_zWGVIQm13lY5sGpcR0cXuV_zWZgNpEBx2Csg&oe=6966A1DD&_nc_sid=4a2096,799,0,46927,4210,0,[],,https://www.threads.net/@disinfo_gal/post/DTOq_dbjSYA,[],"{'likes': 46927, 'reposts': 4142, 'quotes': 68}",threads,3805167814055896576,disinfo_gal,,"Ex-CIA here. Yes, the govt is lying about what happened in Minneapolis. We should all be concerned and enraged by this regardless where you stand politically.",threads,63243683075,disinfo_gal
[],2026-01-09T16:06:07.529522+07:00,"Could Obama run again in 2028?
Social media sparks debate on US democracy,
leadership, and political legacy.",2025-10-19T12:31:03+07:00,,3746619439812177385,threads,threads.com,threads_crawler_v1,https://www.threads.net/@oliviajbennettjrnl/post/DP-qoeyk-3p,https://instagram.fhan3-4.fna.fbcdn.net/v/t51.2885-19/567242874_17847401994583732_2750516690026394250_n.jpg?stp=dst-jpg_s150x150_tt6&efg=eyJ2ZW5jb2RlX3RhZyI6InByb2ZpbGVfcGljLmRqYW5nby4xMDgwLmMxIn0&_nc_ht=instagram.fhan3-4.fna.fbcdn.net&_nc_cat=104&_nc_oc=Q6cZ2QHmWzLTImk4OVt76PD_9pIkWcFq40n4LEDeB06xgYm9MJmpqNnFNQ7HMScQ9c3OsgI&_nc_ohc=k4Ia9MlxVt4Q7kNvwHLWRh-&_nc_gid=cE15HdkOGGenDk2Pe4so_w&edm=AJhczIQBAAAA&ccb=7-5&oh=00_AfqkLjt5zSQwUjHT2hYptCTIlAfSSK_2MhBDObRFsPu7MA&oe=6966A1C7&_nc_sid=4a2096,7378,0,23557,186,0,['https://instagram.fhan3-4.fna.fbcdn.net/v/t51.2885-15/568388784_17847403848583732_2804945280973269637_n.webp?efg=eyJ2ZW5jb2RlX3RhZyI6InRocmVhZHMuRkVFRC5pbWFnZV91cmxnZW4uMTA4MHgxMDg1LnNkci5mODI3ODcuZGVmYXVsdF9pbWFnZS5jMSJ9&_nc_ht=instagram.fhan3-4.fna.fbcdn.net&_nc_cat=104&_nc_oc=Q6cZ2QHmWzLTImk4OVt76PD_9pIkWcFq40n4LEDeB06xgYm9MJmpqNnFNQ7HMScQ9c3OsgI&_nc_ohc=k_2NrsFJQykQ7kNvwFPzByB&_nc_gid=cE15HdkOGGenDk2Pe4so_w&edm=AJhczIQBAAAA&ccb=7-5&ig_cache_key=Mzc0NjYxOTQzOTgxMjE3NzM4NQ%3D%3D.3-ccb7-5&oh=00_AfrSIHW6160HkDOba1FILcasMNOu7hjEs5k9nHGNj0a2qQ&oe=69667CB9&_nc_sid=4a2096'],,https://www.threads.net/@oliviajbennettjrnl/post/DP-qoeyk-3p,[],"{'likes': 23557, 'reposts': 151, 'quotes': 35}",threads,3746619439812177385,Olivia J. Bennett – Journalist,Trump,"Could Obama run again in 2028?
Social media sparks debate on US democracy,
leadership, and political legacy.",threads,77458855731,oliviajbennettjrnl
[],2026-01-09T16:06:07.529548+07:00,"I lost 1k followers on IG today, all because I made a post about the devastating harm being caused by this administration. Social Work is political. Silence and indifference allow harm to repeat itself!!!! For me, losing followers isn’t a loss, it’s alignment.",2026-01-08T12:02:45+07:00,,3805312030694207070,threads,threads.com,threads_crawler_v1,https://www.threads.net/@sassyblacksocialworker/post/DTPLyFpDG5e,https://instagram.fhan3-4.fna.fbcdn.net/v/t51.2885-19/523446749_17973430034913520_7377909665362915232_n.jpg?stp=dst-jpg_s150x150_tt6&efg=eyJ2ZW5jb2RlX3RhZyI6InByb2ZpbGVfcGljLmRqYW5nby4xMDgwLmMxIn0&_nc_ht=instagram.fhan3-4.fna.fbcdn.net&_nc_cat=104&_nc_oc=Q6cZ2QHmWzLTImk4OVt76PD_9pIkWcFq40n4LEDeB06xgYm9MJmpqNnFNQ7HMScQ9c3OsgI&_nc_ohc=MlrMbx2TGdQQ7kNvwEaE96P&_nc_gid=cE15HdkOGGenDk2Pe4so_w&edm=AJhczIQBAAAA&ccb=7-5&oh=00_AfoE49whhF2md6qMv5nAoEiBNxSryd5lCnPPUIky1l5wNA&oe=69669149&_nc_sid=4a2096,1109,0,18740,499,0,[],,https://www.threads.net/@sassyblacksocialworker/post/DTPLyFpDG5e,[],"{'likes': 18740, 'reposts': 483, 'quotes': 16}",threads,3805312030694207070,"Khalida Himes, LCSW",,"I lost 1k followers on IG today, all because I made a post about the devastating harm being caused by this administration. Social Work is political. Silence and indifference allow harm to repeat itself!!!! For me, losing followers isn’t a loss, it’s alignment.",threads,63092842037,sassyblacksocialworker
[],2026-01-09T16:06:07.529576+07:00,"Trump: We’ll get those political prisoners released in Venezuela, but first, oil!",2026-01-06T19:59:45+07:00,,3804096654598063183,threads,threads.com,threads_crawler_v1,https://www.threads.net/@thedailyshow/post/DTK3cCckcRP,https://instagram.fhan4-3.fna.fbcdn.net/v/t51.2885-19/358167300_6703821866328696_60336042846240819_n.jpg?stp=dst-jpg_s150x150_tt6&efg=eyJ2ZW5jb2RlX3RhZyI6InByb2ZpbGVfcGljLmRqYW5nby4zMjAuYzEifQ&_nc_ht=instagram.fhan4-3.fna.fbcdn.net&_nc_cat=100&_nc_oc=Q6cZ2QHmWzLTImk4OVt76PD_9pIkWcFq40n4LEDeB06xgYm9MJmpqNnFNQ7HMScQ9c3OsgI&_nc_ohc=QQ8wud0vatAQ7kNvwGcbTjh&_nc_gid=cE15HdkOGGenDk2Pe4so_w&edm=AJhczIQBAAAA&ccb=7-5&oh=00_AfrxnL-uzdxO8mzdR6y3bO9VapIA0_79UUtN75kt0AVHpQ&oe=69669102&_nc_sid=4a2096,88,0,3003,368,0,"['https://instagram.fhan3-2.fna.fbcdn.net/v/t51.2885-15/612428532_1812167262827803_599038146519486195_n.jpg?stp=dst-jpg_e15_tt6&efg=eyJ2ZW5jb2RlX3RhZyI6InRocmVhZHMuRkVFRC5pbWFnZV91cmxnZW4uNjQweDExMzYuc2RyLmY3MTg3OC5kZWZhdWx0X2NvdmVyX2ZyYW1lLmMxIn0&_nc_ht=instagram.fhan3-2.fna.fbcdn.net&_nc_cat=107&_nc_oc=Q6cZ2QHmWzLTImk4OVt76PD_9pIkWcFq40n4LEDeB06xgYm9MJmpqNnFNQ7HMScQ9c3OsgI&_nc_ohc=H0RsQt8i8MUQ7kNvwEA50_Z&_nc_gid=cE15HdkOGGenDk2Pe4so_w&edm=AJhczIQBAAAA&ccb=7-5&ig_cache_key=MzgwNDA5NjY1NDU5ODA2MzE4Mw%3D%3D.3-ccb7-5&oh=00_AfpcLpRtvdPiKRh8Znej08a-h5y047vfH9Gq4Q5aTA0QeA&oe=69668910&_nc_sid=4a2096', 'https://instagram.fhan4-3.fna.fbcdn.net/o1/v/t16/f2/m84/AQMklOys2AVZ73Zr3HICcTlUh7rn-PWsoppYB0nJ0GxtjIUQjgsCMEAAOaO8Y8VBdf9zuQhAY7USGY9rVXBeAwV9khJHfePvkOLQbXU.mp4?_nc_cat=110&_nc_oc=AdlRGfuJPdLHmugp96nXkNai-JlGQHk64O6ODpXGyLxoESGbmr6KQ5ofGcfM02VSdZo&_nc_sid=5e9851&_nc_ht=instagram.fhan4-3.fna.fbcdn.net&_nc_ohc=xFrOnBj9yHAQ7kNvwFZP8aa&efg=eyJ2ZW5jb2RlX3RhZyI6Inhwdl9wcm9ncmVzc2l2ZS5JTlNUQUdSQU0uRkVFRC5DMy43MjAuZGFzaF9iYXNlbGluZV8xX3YxIiwieHB2X2Fzc2V0X2lkIjo5MjcyODA5OTMzMDI5MTIsImFzc2V0X2FnZV9kYXlzIjoyLCJ2aV91c2VjYXNlX2lkIjoxMDE2NCwiZHVyYXRpb25fcyI6MjI1LCJ1cmxnZW5fc291cmNlIjoid3d3In0%3D&ccb=17-1&_nc_gid=cE15HdkOGGenDk2Pe4so_w&_nc_zt=28&vs=c3254ae34b72e953&_nc_vs=HBksFQIYTGlnX2JhY2tmaWxsX3RpbWVsaW5lX3ZvZC81MTQwMjQyOUIyMDFFMDU5ODMxREE2MDVBNDFEOUM5MF92aWRlb19kYXNoaW5pdC5tcDQVAALIARIAFQIYOnBhc3N0aHJvdWdoX2V2ZXJzdG9yZS9HRlVIWFNSaWdvbHFBZ0lGQUFkWG9QQlJSblVrYnNwVEFRQUYVAgLIARIAKAAYABsCiAd1c2Vfb2lsATEScHJvZ3Jlc3NpdmVfcmVjaXBlATEVAAAmgOaz4-3WpQMVAigCQzMsF0BsMvGp--dtGBJkYXNoX2Jhc2VsaW5lXzFfdjERAHXqB2XongEA&oh=00_AfrxsaTvPlcLzvh7zHOfBV-wAcMWH8M2plW-GRfyPJ_IfQ&oe=6962BCD2']",,https://www.threads.net/@thedailyshow/post/DTK3cCckcRP,[],"{'likes': 3003, 'reposts': 343, 'quotes': 25}",threads,3804096654598063183,The Daily Show,,"Trump: We’ll get those political prisoners released in Venezuela, but first, oil!",threads,63248769819,thedailyshow
[],2026-01-09T16:06:07.529601+07:00,Sometimes I wonder if people who aggressively seek political power are precisely those who should not be entrusted to wield it.,2026-01-06T09:19:51+07:00,,3803780489648359803,threads,threads.com,threads_crawler_v1,https://www.threads.net/@neildegrassetyson/post/DTJvjO5DUl7,https://instagram.fhan3-3.fna.fbcdn.net/v/t51.2885-19/358530265_1990365487969402_3832128714646684235_n.jpg?stp=dst-jpg_s150x150_tt6&efg=eyJ2ZW5jb2RlX3RhZyI6InByb2ZpbGVfcGljLmRqYW5nby4xMDgwLmMxIn0&_nc_ht=instagram.fhan3-3.fna.fbcdn.net&_nc_cat=1&_nc_oc=Q6cZ2QHmWzLTImk4OVt76PD_9pIkWcFq40n4LEDeB06xgYm9MJmpqNnFNQ7HMScQ9c3OsgI&_nc_ohc=CHkNsKP5IuoQ7kNvwF3Bubu&_nc_gid=cE15HdkOGGenDk2Pe4so_w&edm=AJhczIQBAAAA&ccb=7-5&oh=00_AfrpkRXqp8zew6XON33buYeZM3zz8TeSSB1w79z4uYTTcA&oe=6966AD96&_nc_sid=4a2096,386,0,7291,352,0,[],,https://www.threads.net/@neildegrassetyson/post/DTJvjO5DUl7,[],"{'likes': 7291, 'reposts': 319, 'quotes': 33}",threads,3803780489648359803,Neil deGrasse Tyson,,Sometimes I wonder if people who aggressively seek political power are precisely those who should not be entrusted to wield it.,threads,63474171972,neildegrassetyson
[],2026-01-09T16:06:07.529627+07:00,"SUPPORTING TRUMP 
is no longer a political choice. It is a statement that you don’t care about morality, legality, or the truth",2025-12-08T14:49:57+07:00,,3782928138230494320,threads,threads.com,threads_crawler_v1,https://www.threads.net/@_kate_debate/post/DR_qRlSDvRw,https://instagram.fhan3-4.fna.fbcdn.net/v/t51.2885-19/468984292_1777446689675380_3355535770332305227_n.jpg?stp=dst-jpg_s150x150_tt6&efg=eyJ2ZW5jb2RlX3RhZyI6InByb2ZpbGVfcGljLmRqYW5nby45NTguYzEifQ&_nc_ht=instagram.fhan3-4.fna.fbcdn.net&_nc_cat=104&_nc_oc=Q6cZ2QHmWzLTImk4OVt76PD_9pIkWcFq40n4LEDeB06xgYm9MJmpqNnFNQ7HMScQ9c3OsgI&_nc_ohc=Dugmb6CQIr4Q7kNvwENfEIL&_nc_gid=cE15HdkOGGenDk2Pe4so_w&edm=AJhczIQBAAAA&ccb=7-5&oh=00_AfqlWDepgp44s3eO_YALrohnGLylBCpPRzFszNbFZYwRjQ&oe=6966A85D&_nc_sid=4a2096,594,0,20997,1972,0,[],,https://www.threads.net/@_kate_debate/post/DR_qRlSDvRw,[],"{'likes': 20997, 'reposts': 1940, 'quotes': 32}",threads,3782928138230494320,Katelyn Elizabeth,,"SUPPORTING TRUMP 
is no longer a political choice. It is a statement that you don’t care about morality, legality, or the truth",threads,70737489828,_kate_debate
[],2026-01-09T16:06:07.529652+07:00,"Where are my political leftists, artists, literature nerds and big hearted folks?",2026-01-06T00:41:56+07:00,,3803519811230192690,threads,threads.com,threads_crawler_v1,https://www.threads.net/@allonevoice/post/DTI0R3MiVQy,https://instagram.fhan3-3.fna.fbcdn.net/v/t51.2885-19/495248795_581444317733339_1293967235571409922_n.jpg?stp=dst-jpg_s150x150_tt6&efg=eyJ2ZW5jb2RlX3RhZyI6InByb2ZpbGVfcGljLmRqYW5nby4xMDgwLmMxIn0&_nc_ht=instagram.fhan3-3.fna.fbcdn.net&_nc_cat=111&_nc_oc=Q6cZ2QHmWzLTImk4OVt76PD_9pIkWcFq40n4LEDeB06xgYm9MJmpqNnFNQ7HMScQ9c3OsgI&_nc_ohc=htIBk_YhNeQQ7kNvwENd0KH&_nc_gid=cE15HdkOGGenDk2Pe4so_w&edm=AJhczIQBAAAA&ccb=7-5&oh=00_AfrDOwYtEBM2w4UUIgE8UrlGNUH7fys-vdkkuzYKZrz9wQ&oe=696684C6&_nc_sid=4a2096,122,0,495,13,0,[],,https://www.threads.net/@allonevoice/post/DTI0R3MiVQy,[],"{'likes': 495, 'reposts': 12, 'quotes': 1}",threads,3803519811230192690,Bruce / AllOne,,"Where are my political leftists, artists, literature nerds and big hearted folks?",threads,74139240398,allonevoice
[],2026-01-09T16:06:07.529677+07:00,Normalize changing your political opinion when you learn more.,2025-10-24T10:24:16+07:00,,3750179506167345329,threads,threads.com,threads_crawler_v1,https://www.threads.net/@_annamarier/post/DQLUGQ9DfCx,https://instagram.fhan3-3.fna.fbcdn.net/v/t51.2885-19/553364621_17922859131114418_1283279023060146764_n.jpg?stp=dst-jpg_s150x150_tt6&efg=eyJ2ZW5jb2RlX3RhZyI6InByb2ZpbGVfcGljLmRqYW5nby4xMDgwLmMxIn0&_nc_ht=instagram.fhan3-3.fna.fbcdn.net&_nc_cat=1&_nc_oc=Q6cZ2QHmWzLTImk4OVt76PD_9pIkWcFq40n4LEDeB06xgYm9MJmpqNnFNQ7HMScQ9c3OsgI&_nc_ohc=ovVNgdbfMaoQ7kNvwHE4yih&_nc_gid=cE15HdkOGGenDk2Pe4so_w&edm=AJhczIQBAAAA&ccb=7-5&oh=00_AfpUjGYdwFr_HVoT8oHW0EFHKaLqMeTwqAFDm15yXb1VEw&oe=69668432&_nc_sid=4a2096,31,0,1159,160,0,[],,https://www.threads.net/@_annamarier/post/DQLUGQ9DfCx,[],"{'likes': 1159, 'reposts': 145, 'quotes': 15}",threads,3750179506167345329,ᴀɴɴᴀ,,Normalize changing your political opinion when you learn more.,threads,63431234417,_annamarier
[],2026-01-09T16:06:07.529704+07:00,"Your political views aren’t just opinions. They reveal your values, your capacity for empathy, and the way you view other human beings.",2025-11-20T21:33:07+07:00,,3770085092148914214,threads,threads.com,threads_crawler_v1,https://www.threads.net/@ninakolarofficial/post/DRSCGqiiCgm,https://instagram.fhan3-3.fna.fbcdn.net/v/t51.2885-19/587929553_18416369896142966_1701131607225813996_n.jpg?stp=dst-jpg_s150x150_tt6&efg=eyJ2ZW5jb2RlX3RhZyI6InByb2ZpbGVfcGljLmRqYW5nby4zMjAuYzEifQ&_nc_ht=instagram.fhan3-3.fna.fbcdn.net&_nc_cat=1&_nc_oc=Q6cZ2QHmWzLTImk4OVt76PD_9pIkWcFq40n4LEDeB06xgYm9MJmpqNnFNQ7HMScQ9c3OsgI&_nc_ohc=Eb-mj6DVgecQ7kNvwHNY5J-&_nc_gid=cE15HdkOGGenDk2Pe4so_w&edm=AJhczIQBAAAA&ccb=7-5&oh=00_AfqN6pYs3I2UhGQAFEeTWwKFYJXy2ZbXa4tqNKmfvaMHsg&oe=69667E3D&_nc_sid=4a2096,31,0,4844,1305,0,[],,https://www.threads.net/@ninakolarofficial/post/DRSCGqiiCgm,[],"{'likes': 4844, 'reposts': 1269, 'quotes': 36}",threads,3770085092148914214,N  I  N  A    K  O  L  A  R,,"Your political views aren’t just opinions. They reveal your values, your capacity for empathy, and the way you view other human beings.",threads,63914636583,ninakolarofficial
[],2026-01-09T16:06:07.529731+07:00,Historian @jon.meacham predicts the political pendulum could swing from a President Trump to a President AOC,2025-06-27T22:06:30+07:00,,3664284237437196992,threads,threads.com,threads_crawler_v1,https://www.threads.net/@thedailyshow/post/DLaJxmIgdrA,https://instagram.fhan4-3.fna.fbcdn.net/v/t51.2885-19/358167300_6703821866328696_60336042846240819_n.jpg?stp=dst-jpg_s150x150_tt6&efg=eyJ2ZW5jb2RlX3RhZyI6InByb2ZpbGVfcGljLmRqYW5nby4zMjAuYzEifQ&_nc_ht=instagram.fhan4-3.fna.fbcdn.net&_nc_cat=100&_nc_oc=Q6cZ2QHmWzLTImk4OVt76PD_9pIkWcFq40n4LEDeB06xgYm9MJmpqNnFNQ7HMScQ9c3OsgI&_nc_ohc=QQ8wud0vatAQ7kNvwGcbTjh&_nc_gid=cE15HdkOGGenDk2Pe4so_w&edm=AJhczIQBAAAA&ccb=7-5&oh=00_AfrxnL-uzdxO8mzdR6y3bO9VapIA0_79UUtN75kt0AVHpQ&oe=69669102&_nc_sid=4a2096,359,0,7731,669,0,"['https://instagram.fhan4-6.fna.fbcdn.net/v/t51.2885-15/504331154_1722800858343633_656454408026738167_n.jpg?stp=dst-jpg_e15_tt6&efg=eyJ2ZW5jb2RlX3RhZyI6InRocmVhZHMuRkVFRC5pbWFnZV91cmxnZW4uNjQweDExMzYuc2RyLmY3MTg3OC5kZWZhdWx0X2NvdmVyX2ZyYW1lLmMxIn0&_nc_ht=instagram.fhan4-6.fna.fbcdn.net&_nc_cat=109&_nc_oc=Q6cZ2QHmWzLTImk4OVt76PD_9pIkWcFq40n4LEDeB06xgYm9MJmpqNnFNQ7HMScQ9c3OsgI&_nc_ohc=3O-mxqE5yR0Q7kNvwGS1hWY&_nc_gid=cE15HdkOGGenDk2Pe4so_w&edm=AJhczIQBAAAA&ccb=7-5&ig_cache_key=MzY2NDI4NDIzNzQzNzE5Njk5Mg%3D%3D.3-ccb7-5&oh=00_AfrfBUeBzhPCFXgOVDLug_j3NZVnvEuBf76XE6zAj5MW5g&oe=69667ECE&_nc_sid=4a2096', 'https://instagram.fhan3-3.fna.fbcdn.net/o1/v/t16/f2/m69/AQNPkENnqUFuHqTRxY7w-JtaKPC6Ed2g9z-JOHvVzyjJ8mYkWKiyRB5USG4QCYx3llmP9xgC1IZKwPNCOmMPUKFB.mp4?strext=1&_nc_cat=101&_nc_oc=AdmJOYmXNcJMll0qAm9kY3YfOBQGC1Buyq010ahnGCYwgkl5NnfY3cKV-jlabxzPM-o&_nc_sid=8bf8fe&_nc_ht=instagram.fhan3-3.fna.fbcdn.net&_nc_ohc=j8e6s88wvlwQ7kNvwFN6-9T&efg=eyJ2ZW5jb2RlX3RhZyI6Inhwdl9wcm9ncmVzc2l2ZS5JTlNUQUdSQU0uRkVFRC5DMy43MjAucHJvZ3Jlc3NpdmVfaDI2NC1iYXNpYy1nZW4yXzcyMHAiLCJ4cHZfYXNzZXRfaWQiOjIzOTYwMDkwMjQzNjExMzEzLCJhc3NldF9hZ2VfZGF5cyI6MTk1LCJ2aV91c2VjYXNlX2lkIjoxMDE2NCwiZHVyYXRpb25fcyI6NzksInVybGdlbl9zb3VyY2UiOiJ3d3cifQ%3D%3D&ccb=17-1&_nc_gid=cE15HdkOGGenDk2Pe4so_w&_nc_zt=28&oh=00_AfrCaZFTBvqPomYI6smdyFHq6cdgas8pz0pfmEG99ZnyOg&oe=6966A867']",,https://www.threads.net/@thedailyshow/post/DLaJxmIgdrA,[],"{'likes': 7731, 'reposts': 603, 'quotes': 66}",threads,3664284237437196992,The Daily Show,,Historian jon.meacham predicts the political pendulum could swing from a President Trump to a President AOC,threads,63248769819,thedailyshow
[],2026-01-09T16:06:07.529758+07:00,Making your political party your whole personality is weird to me.,2025-11-15T00:16:50+07:00,,3765818839385310176,threads,threads.com,threads_crawler_v1,https://www.threads.net/@kingkeraun/post/DRC4EhCCQPg,https://instagram.fhan4-3.fna.fbcdn.net/v/t51.2885-19/611309838_17935607898115524_2772057235329794652_n.jpg?stp=dst-jpg_s150x150_tt6&efg=eyJ2ZW5jb2RlX3RhZyI6InByb2ZpbGVfcGljLmRqYW5nby41MjIuYzEifQ&_nc_ht=instagram.fhan4-3.fna.fbcdn.net&_nc_cat=100&_nc_oc=Q6cZ2QHmWzLTImk4OVt76PD_9pIkWcFq40n4LEDeB06xgYm9MJmpqNnFNQ7HMScQ9c3OsgI&_nc_ohc=Ki5Ym0ErFWIQ7kNvwH3oWuT&_nc_gid=cE15HdkOGGenDk2Pe4so_w&edm=AJhczIQBAAAA&ccb=7-5&oh=00_Afp8ZuxszOSF1UKbqOXQeX9b1_-4PRB-N7dAMWSo6Vp62A&oe=69668CF0&_nc_sid=4a2096,153,0,4219,387,0,[],,https://www.threads.net/@kingkeraun/post/DRC4EhCCQPg,[],"{'likes': 4219, 'reposts': 359, 'quotes': 28}",threads,3765818839385310176,Keraun,,Making your political party your whole personality is weird to me.,threads,63433843523,kingkeraun
[],2026-01-09T16:06:07.529796+07:00,"If you still support Trump, I don’t judge you for your choice of political party.

I judge you for your lack of morals, ethics, compassion & humanity.

I judge you for your support of pedophilia, racism, treason & fascism.

So will others. So will history.",2025-12-22T04:16:38+07:00,,3792756242637580594,threads,threads.com,threads_crawler_v1,https://www.threads.net/@strandjunker/post/DSik7UyDuky,https://instagram.fhan3-4.fna.fbcdn.net/v/t51.2885-19/410265404_897198731604976_7459065512948887590_n.jpg?stp=dst-jpg_s150x150_tt6&efg=eyJ2ZW5jb2RlX3RhZyI6InByb2ZpbGVfcGljLmRqYW5nby4zOTkuYzEifQ&_nc_ht=instagram.fhan3-4.fna.fbcdn.net&_nc_cat=104&_nc_oc=Q6cZ2QGeMyDg0279UbVB7F75ZUjZ09SWO0kw0MyvbN630sYpo_2FF1AiAlYSmwQAdLQ45Hs&_nc_ohc=PPIQ0-UZOjcQ7kNvwGz0knj&_nc_gid=onlNKlhrDcPIlI053hiI8w&edm=AJhczIQBAAAA&ccb=7-5&oh=00_Afoz2BbCSSPr-X6OZ-dbO0eYH-36kpBad3qDRRSRrZ5Njw&oe=6966A702&_nc_sid=4a2096,193,0,3976,572,0,[],,https://www.threads.net/@strandjunker/post/DSik7UyDuky,[],"{'likes': 3976, 'reposts': 557, 'quotes': 15}",threads,3792756242637580594,Andrea Junker,,"If you still support Trump, I don’t judge you for your choice of political party.

I judge you for your lack of morals, ethics, compassion & humanity.

I judge you for your support of pedophilia, racism, treason & fascism.

So will others. So will history.",threads,63577411689,strandjunker
[],2026-01-09T16:06:07.529825+07:00,"Had an older family member message me tonight asking me to ""Stop posting and leave politics to the adults""

Im fucking 31yrs old.",2026-01-08T12:35:05+07:00,,3805328301523555995,threads,threads.com,threads_crawler_v1,https://www.threads.net/@mister.munster/post/DTPPe3CDVab,https://instagram.fhan4-5.fna.fbcdn.net/v/t51.2885-19/560577909_17842341072595959_8603559041611633593_n.jpg?stp=dst-jpg_s150x150_tt6&efg=eyJ2ZW5jb2RlX3RhZyI6InByb2ZpbGVfcGljLmRqYW5nby45OTIuYzEifQ&_nc_ht=instagram.fhan4-5.fna.fbcdn.net&_nc_cat=103&_nc_oc=Q6cZ2QGeMyDg0279UbVB7F75ZUjZ09SWO0kw0MyvbN630sYpo_2FF1AiAlYSmwQAdLQ45Hs&_nc_ohc=WpSciHvIRzgQ7kNvwEuuxZU&_nc_gid=onlNKlhrDcPIlI053hiI8w&edm=AJhczIQBAAAA&ccb=7-5&oh=00_AfpflcsQXsMglev1uh_khC6atlMI8wG3MU6X7SEEIvXoJA&oe=6966A1C9&_nc_sid=4a2096,604,0,19677,260,0,[],,https://www.threads.net/@mister.munster/post/DTPPe3CDVab,[],"{'likes': 19677, 'reposts': 254, 'quotes': 6}",threads,3805328301523555995,Herman Robles Jr.,,"Had an older family member message me tonight asking me to ""Stop posting and leave politics to the adults""

Im fucking 31yrs old.",threads,77780403958,mister.munster
[],2026-01-09T16:06:07.529853+07:00,"The longer I work in corporate the more I realize …promotions are about politics, not performance",2025-09-03T20:08:15+07:00,,3713509872018010647,threads,threads.com,threads_crawler_v1,https://www.threads.net/@your.corporate.bestie/post/DOJCY23ijIX,https://instagram.fhan3-3.fna.fbcdn.net/v/t51.2885-19/448157400_815332250317403_8266610883579418624_n.jpg?stp=dst-jpg_s150x150_tt6&efg=eyJ2ZW5jb2RlX3RhZyI6InByb2ZpbGVfcGljLmRqYW5nby40MDAuYzEifQ&_nc_ht=instagram.fhan3-3.fna.fbcdn.net&_nc_cat=111&_nc_oc=Q6cZ2QGeMyDg0279UbVB7F75ZUjZ09SWO0kw0MyvbN630sYpo_2FF1AiAlYSmwQAdLQ45Hs&_nc_ohc=-lXPcKoEpa8Q7kNvwGu_pUl&_nc_gid=onlNKlhrDcPIlI053hiI8w&edm=AJhczIQBAAAA&ccb=7-5&oh=00_AfoVfSQuF2Ld_nthZGyLMWuFKPHxqt672xlwugXAj1dHDA&oe=69669229&_nc_sid=4a2096,197,0,13184,1404,0,[],,https://www.threads.net/@your.corporate.bestie/post/DOJCY23ijIX,[],"{'likes': 13184, 'reposts': 1340, 'quotes': 64}",threads,3713509872018010647,Joanna | Your Corporate Bestie,,"The longer I work in corporate the more I realize …promotions are about politics, not performance",threads,67269877327,your.corporate.bestie
[],2026-01-09T16:06:07.529880+07:00,"Neta Looks politics Prompt 👉🏻 
A cinematic, full HD, eye-level shot of a charming man in his late 20s to early 30s, with a stylish beard and dark hair. He is wearing a dark cream kurta, layered with a GRAY-colored,  waistcoat featuring gold buttons. He is seated on a white sofa, looking away to the camera with a pleasant, relaxed gentle smile, one hand resting thoughtfully on his chin/cheek, showcasing a watch. Face match 100% exactly same match from the uploaded reference image",2025-10-20T01:56:13+07:00,,3747024694848677369,threads,threads.com,threads_crawler_v1,https://www.threads.net/@inibashagrawal/post/DQAGxt9EmX5,https://instagram.fhan3-2.fna.fbcdn.net/v/t51.2885-19/565409832_17919123060189247_8930323979633045928_n.jpg?stp=dst-jpg_s150x150_tt6&efg=eyJ2ZW5jb2RlX3RhZyI6InByb2ZpbGVfcGljLmRqYW5nby44MjAuYzEifQ&_nc_ht=instagram.fhan3-2.fna.fbcdn.net&_nc_cat=107&_nc_oc=Q6cZ2QGeMyDg0279UbVB7F75ZUjZ09SWO0kw0MyvbN630sYpo_2FF1AiAlYSmwQAdLQ45Hs&_nc_ohc=ELK2gXE1Ay4Q7kNvwG-Xqk_&_nc_gid=onlNKlhrDcPIlI053hiI8w&edm=AJhczIQBAAAA&ccb=7-5&oh=00_AfrvvpLx65r7-mcs-JPDYU51ZpB5IuORP19PFikbIQbHsA&oe=6966AFEF&_nc_sid=4a2096,5,0,82,7,0,['https://instagram.fhan3-2.fna.fbcdn.net/v/t51.2885-15/566532332_17919400248189247_3824865565524594896_n.jpg?stp=dst-jpg_e35_tt6&efg=eyJ2ZW5jb2RlX3RhZyI6InRocmVhZHMuRkVFRC5pbWFnZV91cmxnZW4uOTI4eDExMjAuc2RyLmY4Mjc4Ny5kZWZhdWx0X2ltYWdlLmMxIn0&_nc_ht=instagram.fhan3-2.fna.fbcdn.net&_nc_cat=107&_nc_oc=Q6cZ2QGeMyDg0279UbVB7F75ZUjZ09SWO0kw0MyvbN630sYpo_2FF1AiAlYSmwQAdLQ45Hs&_nc_ohc=5oxliYgUErUQ7kNvwFI8w9l&_nc_gid=onlNKlhrDcPIlI053hiI8w&edm=AJhczIQBAAAA&ccb=7-5&ig_cache_key=Mzc0NzAyNDY5NDg0ODY3NzM2OQ%3D%3D.3-ccb7-5&oh=00_Afpd5CI_ewLx02JkwK1F8pBhhZCLSPwwUlE2ZBvOJlhi5w&oe=69667D6E&_nc_sid=4a2096'],,https://www.threads.net/@inibashagrawal/post/DQAGxt9EmX5,[],"{'likes': 82, 'reposts': 4, 'quotes': 3}",threads,3747024694848677369,Nibash Agrawal,AI Threads,"Neta Looks politics Prompt 👉🏻 
A cinematic, full HD, eye-level shot of a charming man in his late 20s to early 30s, with a stylish beard and dark hair. He is wearing a dark cream kurta, layered with a GRAY-colored,  waistcoat featuring gold buttons. He is seated on a white sofa, looking away to the camera with a pleasant, relaxed gentle smile, one hand resting thoughtfully on his chin/cheek, showcasing a watch. Face match 100% exactly same match from the uploaded reference image",threads,65520429246,inibashagrawal
[],2026-01-09T16:06:07.529907+07:00,"Since I'm new on Threads, here's some stuff for the algorithm.
Psychologist - recently retired - 25 years experience
PhD in Psychology
Published Author
Eager to write more books
Former Catholic, and former Evangelical leader - have moved on
Gay guy - partnered
Musician - piano
Classical Music
Amateur philosopher
Learning Italian
Live in Newcastle Australia - love swimming
Progressive politics
Processing the past and figuring out the future
Say hi 
GayThreads",2024-11-14T11:29:57+07:00,,3500889711097419579,threads,threads.com,threads_crawler_v1,https://www.threads.net/@becomingstu/post/DCVqKTLyBc7,https://instagram.fhan3-2.fna.fbcdn.net/v/t51.2885-19/466500091_3420699298238923_1429390585533432977_n.jpg?stp=dst-jpg_s150x150_tt6&efg=eyJ2ZW5jb2RlX3RhZyI6InByb2ZpbGVfcGljLmRqYW5nby43NDcuYzEifQ&_nc_ht=instagram.fhan3-2.fna.fbcdn.net&_nc_cat=107&_nc_oc=Q6cZ2QGeMyDg0279UbVB7F75ZUjZ09SWO0kw0MyvbN630sYpo_2FF1AiAlYSmwQAdLQ45Hs&_nc_ohc=5vB4IaSNJgwQ7kNvwGIjccG&_nc_gid=onlNKlhrDcPIlI053hiI8w&edm=AJhczIQBAAAA&ccb=7-5&oh=00_AfocKw_raVInipzzbK0ntOob0EAdQ0WtUI7XW7Xpp3nIIA&oe=696697D3&_nc_sid=4a2096,118,0,446,0,0,['https://instagram.fhan3-2.fna.fbcdn.net/v/t51.29350-15/466529106_906661704415123_7630144308692463595_n.webp?stp=dst-jpg_e35_tt6&efg=eyJ2ZW5jb2RlX3RhZyI6InRocmVhZHMuRkVFRC5pbWFnZV91cmxnZW4uMTQ0MHgxNDQwLnNkci5mMjkzNTAuZGVmYXVsdF9pbWFnZS5jMSJ9&_nc_ht=instagram.fhan3-2.fna.fbcdn.net&_nc_cat=107&_nc_oc=Q6cZ2QGeMyDg0279UbVB7F75ZUjZ09SWO0kw0MyvbN630sYpo_2FF1AiAlYSmwQAdLQ45Hs&_nc_ohc=1PzywiBV0BIQ7kNvwFjl8_m&_nc_gid=onlNKlhrDcPIlI053hiI8w&edm=AJhczIQBAAAA&ccb=7-5&ig_cache_key=MzUwMDg4OTcxMTA5NzQxOTU3OQ%3D%3D.3-ccb7-5&oh=00_AfpowmJMwGEOHSVBYfieaqYOFxwqewhjviqVYSu4MuPQrw&oe=696684FB&_nc_sid=4a2096'],,https://www.threads.net/@becomingstu/post/DCVqKTLyBc7,[],"{'likes': 446, 'reposts': 0, 'quotes': 0}",threads,3500889711097419579,Stuart Edser,GayThreads,"Since I'm new on Threads, here's some stuff for the algorithm.
Psychologist - recently retired - 25 years experience
PhD in Psychology
Published Author
Eager to write more books
Former Catholic, and former Evangelical leader - have moved on
Gay guy - partnered
Musician - piano
Classical Music
Amateur philosopher
Learning Italian
Live in Newcastle Australia - love swimming
Progressive politics
Processing the past and figuring out the future
Say hi 
GayThreads",threads,70277729048,becomingstu
[],2026-01-09T16:06:07.529944+07:00,"Good politics is about providing good public services that enable workers to achieve their potential --> both on and off the clock. Call it socialism, call it what you want. We're here for the people. Full stop.

mayorofseattle Katie Wilson outlines how she intends to do just that with @jacobinmag. Great long read! Link in bio.",2026-01-07T04:47:13+07:00,,3804368045838874817,threads,threads.com,threads_crawler_v1,https://www.threads.net/@wilsonforseattle/post/DTL1JTPErjB,https://instagram.fhan4-3.fna.fbcdn.net/v/t51.2885-19/521959556_17861576361445558_3084915616955479204_n.jpg?stp=dst-jpg_s150x150_tt6&efg=eyJ2ZW5jb2RlX3RhZyI6InByb2ZpbGVfcGljLmRqYW5nby4xMDgwLmMxIn0&_nc_ht=instagram.fhan4-3.fna.fbcdn.net&_nc_cat=110&_nc_oc=Q6cZ2QGeMyDg0279UbVB7F75ZUjZ09SWO0kw0MyvbN630sYpo_2FF1AiAlYSmwQAdLQ45Hs&_nc_ohc=JnbyI0daQewQ7kNvwE1K7LR&_nc_gid=onlNKlhrDcPIlI053hiI8w&edm=AJhczIQBAAAA&ccb=7-5&oh=00_AfpOeklKu-U7BxGSxZyLY8cfIOY1a6jzNfvoTJxEYrzQew&oe=69668371&_nc_sid=4a2096,18,0,164,19,0,['https://instagram.fhan3-3.fna.fbcdn.net/v/t51.2885-15/609691831_17884690671426313_8462880930392372678_n.webp?efg=eyJ2ZW5jb2RlX3RhZyI6InRocmVhZHMuQ0FST1VTRUxfSVRFTS5pbWFnZV91cmxnZW4uMTQ0MHgxODAwLnNkci5mODI3ODcuZGVmYXVsdF9pbWFnZS5jMSJ9&_nc_ht=instagram.fhan3-3.fna.fbcdn.net&_nc_cat=101&_nc_oc=Q6cZ2QGeMyDg0279UbVB7F75ZUjZ09SWO0kw0MyvbN630sYpo_2FF1AiAlYSmwQAdLQ45Hs&_nc_ohc=hPpAhYLnMkkQ7kNvwHpXJtf&_nc_gid=onlNKlhrDcPIlI053hiI8w&edm=AJhczIQBAAAA&ccb=7-5&ig_cache_key=MzgwNDM2ODAzNTE3NjkzNTIxMQ%3D%3D.3-ccb7-5&oh=00_Afr_DXDzVmQ0JVMZNzPLctyFa2_jO46BmpbDSuna4DWoHw&oe=6966A47A&_nc_sid=4a2096'],,https://www.threads.net/@wilsonforseattle/post/DTL1JTPErjB,[],"{'likes': 164, 'reposts': 17, 'quotes': 2}",threads,3804368045838874817,Katie Wilson,,"Good politics is about providing good public services that enable workers to achieve their potential --> both on and off the clock. Call it socialism, call it what you want. We're here for the people. Full stop.

mayorofseattle Katie Wilson outlines how she intends to do just that with @jacobinmag. Great long read! Link in bio.",threads,73354181557,wilsonforseattle
[],2026-01-09T16:06:07.529973+07:00,"Columbus, Ohio joins in solidarity with Minneapolis and protests ICE and the authoritarian Trump administration. We need everyone coming together, put politics aside and defend the people against this rogue government.",2026-01-08T10:53:06+07:00,,3805276594035070263,threads,threads.com,threads_crawler_v1,https://www.threads.net/@demsmight/post/DTPDuarkZU3,https://instagram.fhan3-3.fna.fbcdn.net/v/t51.2885-19/437718668_842348134390262_967629218541695561_n.jpg?stp=dst-jpg_s150x150_tt6&efg=eyJ2ZW5jb2RlX3RhZyI6InByb2ZpbGVfcGljLmRqYW5nby44MDIuYzEifQ&_nc_ht=instagram.fhan3-3.fna.fbcdn.net&_nc_cat=1&_nc_oc=Q6cZ2QGeMyDg0279UbVB7F75ZUjZ09SWO0kw0MyvbN630sYpo_2FF1AiAlYSmwQAdLQ45Hs&_nc_ohc=S8QKU9S_PyUQ7kNvwHGalwJ&_nc_gid=onlNKlhrDcPIlI053hiI8w&edm=AJhczIQBAAAA&ccb=7-5&oh=00_AfpheH8czzjiw8-GTf9P_lTaxTJ0O1C4KYazjm7fZF_0EA&oe=6966801B&_nc_sid=4a2096,3,0,1284,203,0,"['https://instagram.fhan4-1.fna.fbcdn.net/v/t51.2885-15/611236278_1176614384647253_6902017070375592412_n.jpg?stp=dst-jpg_e15_tt6&efg=eyJ2ZW5jb2RlX3RhZyI6InRocmVhZHMuRkVFRC5pbWFnZV91cmxnZW4uNjQweDQwNi5zZHIuZjcxODc4LmRlZmF1bHRfY292ZXJfZnJhbWUuYzEifQ&_nc_ht=instagram.fhan4-1.fna.fbcdn.net&_nc_cat=105&_nc_oc=Q6cZ2QGeMyDg0279UbVB7F75ZUjZ09SWO0kw0MyvbN630sYpo_2FF1AiAlYSmwQAdLQ45Hs&_nc_ohc=ARoZwZprVnoQ7kNvwHZoS_P&_nc_gid=onlNKlhrDcPIlI053hiI8w&edm=AJhczIQBAAAA&ccb=7-5&ig_cache_key=MzgwNTI3NjU5NDAzNTA3MDI2Mw%3D%3D.3-ccb7-5&oh=00_Afo5kgKm8k7Zylp5ruyvGA8por4TKinIVG5Ost2BO9LhAw&oe=69667FD4&_nc_sid=4a2096', 'https://instagram.fhan4-6.fna.fbcdn.net/o1/v/t16/f2/m84/AQOonMGHIgjhJYY-faWJ4L7NDvML5kgW1EJvJLkQQSsAKXyK-Z4-1CcG_XFB2xdOqIaywQJWxCDldO3Yf5ji4Y-CJ2O2sOljYOhEB6k.mp4?_nc_cat=109&_nc_oc=AdkTlfLgHccvknwEP8SP6nAX5Xrhic9F_hY6MupQdD4eRYiOry5uheKrz7ea9KlvkGk&_nc_sid=5e9851&_nc_ht=instagram.fhan4-6.fna.fbcdn.net&_nc_ohc=abOpskj6WB8Q7kNvwEzzZKR&efg=eyJ2ZW5jb2RlX3RhZyI6Inhwdl9wcm9ncmVzc2l2ZS5JTlNUQUdSQU0uRkVFRC5DMy41NjQuZGFzaF9iYXNlbGluZV8zX3YxIiwieHB2X2Fzc2V0X2lkIjoxMTkzOTA1OTA5NTYxOTY4LCJhc3NldF9hZ2VfZGF5cyI6MSwidmlfdXNlY2FzZV9pZCI6MTAxNjQsImR1cmF0aW9uX3MiOjExLCJ1cmxnZW5fc291cmNlIjoid3d3In0%3D&ccb=17-1&_nc_gid=onlNKlhrDcPIlI053hiI8w&_nc_zt=28&vs=d24833084c58b4a6&_nc_vs=HBkcFQIYTGlnX2JhY2tmaWxsX3RpbWVsaW5lX3ZvZC8xNTRFOUMwMUI4QjBENTRENzhBNkM1QjFCRUE4RUZBQl92aWRlb19kYXNoaW5pdC5tcDQVAALIARIAKAAYABsCiAd1c2Vfb2lsATEScHJvZ3Jlc3NpdmVfcmVjaXBlATEVAAAm4OmTmrz2ngQVAigCQzMsF0AniDEm6XjVGBJkYXNoX2Jhc2VsaW5lXzNfdjERAHXqB2XongEA&oh=00_Afo8JwIfv5VoZdeyiIJ6DVaa2QiOdWZ9qURHuHFTtSJJ6w&oe=69628AB3']",,https://www.threads.net/@demsmight/post/DTPDuarkZU3,[],"{'likes': 1284, 'reposts': 191, 'quotes': 12}",threads,3805276594035070263,DemsMight,,"Columbus, Ohio joins in solidarity with Minneapolis and protests ICE and the authoritarian Trump administration. We need everyone coming together, put politics aside and defend the people against this rogue government.",threads,63422714611,demsmight
[],2026-01-09T16:06:07.530011+07:00,"YOUR CAREER BY DOB

1, 10, 19, 28
CEO, Politics, Independent Business.

2, 11, 20, 29
Diplomacy, Counseling, Partnership firms

3, 12, 21, 30
Thrive in media, Arts, Finance, Advising

4, 13, 22, 31
Businesses, Technology, Electronics, Research

5, 14, 23
Shine in sales, Journalism, Accounting.

6, 15, 24
Excel in wellness, Fashion, Arts, Hospitality

7, 16, 25
Research & Decoding Patterns

8, 17, 26
Construction, Judiciary, Government jobs

9, 18, 27
Police, Engineering, Military, Sports.",2026-01-08T11:37:29+07:00,,3805299314587669248,threads,threads.com,threads_crawler_v1,https://www.threads.net/@reliveharmony/post/DTPI5C2CRMA,https://instagram.fhan3-3.fna.fbcdn.net/v/t51.2885-19/566637466_17915355429206546_5079431862749782967_n.jpg?stp=dst-jpg_s150x150_tt6&efg=eyJ2ZW5jb2RlX3RhZyI6InByb2ZpbGVfcGljLmRqYW5nby4xMDgwLmMxIn0&_nc_ht=instagram.fhan3-3.fna.fbcdn.net&_nc_cat=1&_nc_oc=Q6cZ2QGeMyDg0279UbVB7F75ZUjZ09SWO0kw0MyvbN630sYpo_2FF1AiAlYSmwQAdLQ45Hs&_nc_ohc=CedI8-rs874Q7kNvwEgLkjB&_nc_gid=onlNKlhrDcPIlI053hiI8w&edm=AJhczIQBAAAA&ccb=7-5&oh=00_AfqHlIYNMWgEDZ5UsrEWthMOouirUaZQruIbmAo_f5sxhQ&oe=69667C89&_nc_sid=4a2096,15,0,439,16,0,[],,https://www.threads.net/@reliveharmony/post/DTPI5C2CRMA,[],"{'likes': 439, 'reposts': 15, 'quotes': 1}",threads,3805299314587669248,Dr-Tapasya Tiwari,Relatable,"YOUR CAREER BY DOB

1, 10, 19, 28
CEO, Politics, Independent Business.

2, 11, 20, 29
Diplomacy, Counseling, Partnership firms

3, 12, 21, 30
Thrive in media, Arts, Finance, Advising

4, 13, 22, 31
Businesses, Technology, Electronics, Research

5, 14, 23
Shine in sales, Journalism, Accounting.

6, 15, 24
Excel in wellness, Fashion, Arts, Hospitality

7, 16, 25
Research & Decoding Patterns

8, 17, 26
Construction, Judiciary, Government jobs

9, 18, 27
Police, Engineering, Military, Sports.",threads,66178462545,reliveharmony
[],2026-01-09T16:06:07.530037+07:00,"I’m actually concerned that Australians are not paying attention to how much Israel & the US are trying to infiltrate our politics, legislation and policing… Is anyone out there aware of what is going on? Or am I going crazy??",2026-01-08T16:49:23+07:00,,3805456296020235047,threads,threads.com,threads_crawler_v1,https://www.threads.net/@imeanwhocaresatthispoint/post/DTPslbMj1Mn,https://instagram.fhan4-6.fna.fbcdn.net/v/t51.2885-19/404590370_1320517931932616_4696916839700685547_n.jpg?stp=dst-jpg_s150x150_tt6&efg=eyJ2ZW5jb2RlX3RhZyI6InByb2ZpbGVfcGljLmRqYW5nby4xMDgwLmMxIn0&_nc_ht=instagram.fhan4-6.fna.fbcdn.net&_nc_cat=108&_nc_oc=Q6cZ2QGeMyDg0279UbVB7F75ZUjZ09SWO0kw0MyvbN630sYpo_2FF1AiAlYSmwQAdLQ45Hs&_nc_ohc=cStfYjfFoVkQ7kNvwGk8I-i&_nc_gid=onlNKlhrDcPIlI053hiI8w&edm=AJhczIQBAAAA&ccb=7-5&oh=00_AfrumiVlvRIZ2cPbRIuKxUw9biXLXgdd69REFJ6KMT6AwA&oe=6966A744&_nc_sid=4a2096,384,0,1991,136,0,[],,https://www.threads.net/@imeanwhocaresatthispoint/post/DTPslbMj1Mn,[],"{'likes': 1991, 'reposts': 130, 'quotes': 6}",threads,3805456296020235047,Alethea,,"I’m actually concerned that Australians are not paying attention to how much Israel & the US are trying to infiltrate our politics, legislation and policing… Is anyone out there aware of what is going on? Or am I going crazy??",threads,63074920210,imeanwhocaresatthispoint
[],2026-01-09T16:06:07.530064+07:00,Trump is cornered. The Epstein story will not go away. People across the political spectrum demand the truth. So every Republican and Trump supporter needs to ask themselves: Which side am I on? #epstein #trump #epsteinfiles #politics #democracy,2025-11-13T04:27:40+07:00,,3764495522280167495,threads,threads.com,threads_crawler_v1,https://www.threads.net/@terrymoranjournalist/post/DQ-LLt8DthH,https://instagram.fhan3-4.fna.fbcdn.net/v/t51.2885-19/357870441_718610893366696_3940212107559917378_n.jpg?stp=dst-jpg_s150x150_tt6&efg=eyJ2ZW5jb2RlX3RhZyI6InByb2ZpbGVfcGljLmRqYW5nby45NTkuYzEifQ&_nc_ht=instagram.fhan3-4.fna.fbcdn.net&_nc_cat=104&_nc_oc=Q6cZ2QGeMyDg0279UbVB7F75ZUjZ09SWO0kw0MyvbN630sYpo_2FF1AiAlYSmwQAdLQ45Hs&_nc_ohc=jB-fW9I33BwQ7kNvwEdaJFv&_nc_gid=onlNKlhrDcPIlI053hiI8w&edm=AJhczIQBAAAA&ccb=7-5&oh=00_AfoDXkcefxuQMHde-xdXXoS9zmnqzHtVBdvnlGsroCA3Uw&oe=6966A3B3&_nc_sid=4a2096,352,0,8391,862,0,"['https://instagram.fhan3-3.fna.fbcdn.net/v/t51.2885-15/581399697_2851728811699907_5640443681115838165_n.jpg?stp=dst-jpg_e15_tt6&efg=eyJ2ZW5jb2RlX3RhZyI6InRocmVhZHMuRkVFRC5pbWFnZV91cmxnZW4uNjQweDExMzYuc2RyLmY3MTg3OC5kZWZhdWx0X2NvdmVyX2ZyYW1lLmMxIn0&_nc_ht=instagram.fhan3-3.fna.fbcdn.net&_nc_cat=111&_nc_oc=Q6cZ2QGeMyDg0279UbVB7F75ZUjZ09SWO0kw0MyvbN630sYpo_2FF1AiAlYSmwQAdLQ45Hs&_nc_ohc=bPf9bjKU4fgQ7kNvwH0XYRN&_nc_gid=onlNKlhrDcPIlI053hiI8w&edm=AJhczIQBAAAA&ccb=7-5&ig_cache_key=Mzc2NDQ5NTUyMjI4MDE2NzQ5NQ%3D%3D.3-ccb7-5&oh=00_AfoJrPtSI98DtLKHJ0zM-MHUykQdo231VUDbIiDEuF9Rtg&oe=6966ACE4&_nc_sid=4a2096', 'https://instagram.fhan3-3.fna.fbcdn.net/o1/v/t16/f2/m69/AQOQtm5h4dp8cZoFPQbtnY7LA_op3iGZg-z3CKhEBi04T1bW-dV39F8pJQy0uvHWPzDSxAph_gDua7lVKhYu8exz.mp4?strext=1&_nc_cat=111&_nc_oc=AdmSMK6y6C2Pa5B8sKxAjoZZHMpoWeymIwP4su9rki1pB7jSBDhV0uwR2mGzBdYJRms&_nc_sid=5e9851&_nc_ht=instagram.fhan3-3.fna.fbcdn.net&_nc_ohc=6ufANxOOhi8Q7kNvwGMR3c6&efg=eyJ2ZW5jb2RlX3RhZyI6Inhwdl9wcm9ncmVzc2l2ZS5JTlNUQUdSQU0uRkVFRC5DMy43MjAuZGFzaF9iYXNlbGluZV8xX3YxIiwieHB2X2Fzc2V0X2lkIjoxMTU5ODUyNzA2MzM5MDg0LCJhc3NldF9hZ2VfZGF5cyI6NTcsInZpX3VzZWNhc2VfaWQiOjEwMDk5LCJkdXJhdGlvbl9zIjo3NywidXJsZ2VuX3NvdXJjZSI6Ind3dyJ9&ccb=17-1&_nc_gid=onlNKlhrDcPIlI053hiI8w&_nc_zt=28&vs=30ea2d7ffde1c4e1&_nc_vs=HBksFQIYOnBhc3N0aHJvdWdoX2V2ZXJzdG9yZS9HREt0ZlNJZDIzdlVBZ0lJQURGX1ZNeVpvZ1VmYnNwVEFRQUYVAALIARIAFQIYOnBhc3N0aHJvdWdoX2V2ZXJzdG9yZS9HSG9lakNKVEdvdnlzQ3NJQUVscnlHUmUxLVFOYnN0VEFRQUYVAgLIARIAKAAYABsCiAd1c2Vfb2lsATEScHJvZ3Jlc3NpdmVfcmVjaXBlATEVAAAmmOTsiKi4jwQVAigCQzMsF0BTXdLxqfvnGBJkYXNoX2Jhc2VsaW5lXzFfdjERAHXqB2XmnQEA&oh=00_AfoKGttpA01635M2t9EXaFVk59XYw3glB4e4zRCQ8MhlnQ&oe=69668261']",,https://www.threads.net/@terrymoranjournalist/post/DQ-LLt8DthH,[],"{'likes': 8391, 'reposts': 810, 'quotes': 52}",threads,3764495522280167495,Terry Moran,,Trump is cornered. The Epstein story will not go away. People across the political spectrum demand the truth. So every Republican and Trump supporter needs to ask themselves: Which side am I on? #epstein #trump #epsteinfiles #politics #democracy,threads,63473841299,terrymoranjournalist
[],2026-01-09T16:06:07.530093+07:00,"Did you know that you can directly oppose the Heritage Foundation?  As a 501c3 corporation, the Heritage Foundation is not allowed to participate in politics, let alone publish political manifestos.  You can download Project 2025 pdf from the website and attach it to IRS Form 13909 and challenge their tax exempt status.

Here's their EIN # 23-7327730

Money is the only weapon. 

Thank you to Madalyn Aslan for this info",2024-07-16T19:31:26+07:00,,3413434193953652483,threads,threads.com,threads_crawler_v1,https://www.threads.net/@amy_siskind/post/C9e9FByx38D,https://instagram.fhan3-3.fna.fbcdn.net/v/t51.2885-19/458250211_1199349451111921_4417903253759194327_n.jpg?stp=dst-jpg_s150x150_tt6&efg=eyJ2ZW5jb2RlX3RhZyI6InByb2ZpbGVfcGljLmRqYW5nby4xMDQ2LmMxIn0&_nc_ht=instagram.fhan3-3.fna.fbcdn.net&_nc_cat=101&_nc_oc=Q6cZ2QGeMyDg0279UbVB7F75ZUjZ09SWO0kw0MyvbN630sYpo_2FF1AiAlYSmwQAdLQ45Hs&_nc_ohc=G2cTpwPtulAQ7kNvwGuUMAw&_nc_gid=onlNKlhrDcPIlI053hiI8w&edm=AJhczIQBAAAA&ccb=7-5&oh=00_AfqI12ZPc-XWxXwRFOAJkEraMu_aooV0ZFF8Q6HvauDfiA&oe=69668D41&_nc_sid=4a2096,268,0,9781,2951,0,[],,https://www.threads.net/@amy_siskind/post/C9e9FByx38D,[],"{'likes': 9781, 'reposts': 2761, 'quotes': 190}",threads,3413434193953652483,Amy Siskind,,"Did you know that you can directly oppose the Heritage Foundation?  As a 501c3 corporation, the Heritage Foundation is not allowed to participate in politics, let alone publish political manifestos.  You can download Project 2025 pdf from the website and attach it to IRS Form 13909 and challenge their tax exempt status.

Here's their EIN # 23-7327730

Money is the only weapon. 

Thank you to Madalyn Aslan for this info",threads,63387659319,amy_siskind
[],2026-01-09T16:06:07.530119+07:00,"Bruhhhh hsinh CNN nhiều quan điểm vl suốt ngày lên threads viết về politics, queer, feminism,..etc lol u name it. imagine making it ur whole personality haha :)) go buy an AP or learn how to do a fucking LBO model",2025-09-05T09:00:35+07:00,,3714623375450170780,threads,threads.com,threads_crawler_v1,https://www.threads.net/@itsmeyapping/post/DOM_kdwEeWc,https://instagram.fhan3-3.fna.fbcdn.net/v/t51.2885-19/488984396_3940215389599201_929632460222907813_n.jpg?stp=dst-jpg_s150x150_tt6&efg=eyJ2ZW5jb2RlX3RhZyI6InByb2ZpbGVfcGljLmRqYW5nby42NzguYzEifQ&_nc_ht=instagram.fhan3-3.fna.fbcdn.net&_nc_cat=101&_nc_oc=Q6cZ2QGeMyDg0279UbVB7F75ZUjZ09SWO0kw0MyvbN630sYpo_2FF1AiAlYSmwQAdLQ45Hs&_nc_ohc=BP48LVMosPoQ7kNvwFFzYkR&_nc_gid=onlNKlhrDcPIlI053hiI8w&edm=AJhczIQBAAAA&ccb=7-5&oh=00_AfrTYukq9UubY-IKWlemfedIPDbUiCjTZs9Dh43HZwsAsQ&oe=69669C60&_nc_sid=4a2096,258,0,608,102,0,[],,https://www.threads.net/@itsmeyapping/post/DOM_kdwEeWc,[],"{'likes': 608, 'reposts': 38, 'quotes': 64}",threads,3714623375450170780,,,"Bruhhhh hsinh CNN nhiều quan điểm vl suốt ngày lên threads viết về politics, queer, feminism,..etc lol u name it. imagine making it ur whole personality haha :)) go buy an AP or learn how to do a fucking LBO model",threads,73449025484,itsmeyapping
[],2026-01-09T16:06:07.530144+07:00,"""I don't like talking about politics it's all so far away and not connected""

Hind Rajab was a 5 year old Palestinian girl. She was in the car with her family. The IDF let bullets loose. She stayed alive in the car with her passed away family. The IDF refused an ambulance to her. She died in that car. 

Renee Good was driving away from ICE agents when they shot and murdered her and then threatened to shoot a doctor trying to give her CPR and refused an ambulance to her. 

What isn't clicking?",2026-01-08T07:45:18+07:00,,3805182456111057687,threads,threads.com,threads_crawler_v1,https://www.threads.net/@pixylixie/post/DTOuUh6DEsX,https://instagram.fhan4-5.fna.fbcdn.net/v/t51.2885-19/612414451_17869731240517298_6631720345648947679_n.jpg?stp=dst-jpg_s150x150_tt6&efg=eyJ2ZW5jb2RlX3RhZyI6InByb2ZpbGVfcGljLmRqYW5nby4xMDgwLmMxIn0&_nc_ht=instagram.fhan4-5.fna.fbcdn.net&_nc_cat=102&_nc_oc=Q6cZ2QGeMyDg0279UbVB7F75ZUjZ09SWO0kw0MyvbN630sYpo_2FF1AiAlYSmwQAdLQ45Hs&_nc_ohc=vfCxM7pVbjkQ7kNvwEr8mOL&_nc_gid=onlNKlhrDcPIlI053hiI8w&edm=AJhczIQBAAAA&ccb=7-5&oh=00_AfpTzELBIYEKgrq5zjpSUbmdSfmjCEK0MhX9OCvZliCjpw&oe=69669094&_nc_sid=4a2096,5,0,155,40,0,[],,https://www.threads.net/@pixylixie/post/DTOuUh6DEsX,[],"{'likes': 155, 'reposts': 40, 'quotes': 0}",threads,3805182456111057687,crop,,"""I don't like talking about politics it's all so far away and not connected""

Hind Rajab was a 5 year old Palestinian girl. She was in the car with her family. The IDF let bullets loose. She stayed alive in the car with her passed away family. The IDF refused an ambulance to her. She died in that car. 

Renee Good was driving away from ICE agents when they shot and murdered her and then threatened to shoot a doctor trying to give her CPR and refused an ambulance to her. 

What isn't clicking?",threads,75451053297,pixylixie
[],2026-01-09T16:06:07.530171+07:00,#trendingreels #viralvideos #sarpanch #sarpanchelections #telangana #hyderabad #politics #indianpolitics #india #democracy #karimnagar #myvoteforjahnavi #myvote #supportjahnavi #nagulamalyaal #studentleader #leadership #womenleader #inspiration #grampanchayat #localbodieselection #t...,2025-12-06T14:17:14+07:00,,3781462100947205976,threads,threads.com,threads_crawler_v1,https://www.threads.net/@c.raviteja__cinema/post/DR6c77qj39Y,https://instagram.fhan3-3.fna.fbcdn.net/v/t51.2885-19/573323465_1219825463302212_7278921664109726296_n.png?stp=dst-jpg_s150x150_tt6&efg=eyJ2ZW5jb2RlX3RhZyI6InByb2ZpbGVfcGljLmRqYW5nby4xNTAuYzEifQ&_nc_ht=instagram.fhan3-3.fna.fbcdn.net&_nc_cat=1&_nc_oc=Q6cZ2QGeMyDg0279UbVB7F75ZUjZ09SWO0kw0MyvbN630sYpo_2FF1AiAlYSmwQAdLQ45Hs&_nc_ohc=jFezCB5ZvcgQ7kNvwHLtPhB&_nc_gid=onlNKlhrDcPIlI053hiI8w&edm=AJhczIQBAAAA&ccb=7-5&ig_cache_key=YW5vbnltb3VzX3Byb2ZpbGVfcGlj.3-ccb7-5&oh=00_AfoUIELXzuiOwMWoaNIb_eoDG2UA9V7CKC5IaXJrpA58FQ&oe=6966A8AA&_nc_sid=4a2096,5,0,13,0,0,"['https://instagram.fhan4-5.fna.fbcdn.net/v/t51.2885-15/589730658_822661430477606_5977599728401760609_n.jpg?stp=dst-jpg_e15_tt6&efg=eyJ2ZW5jb2RlX3RhZyI6InRocmVhZHMuRkVFRC5pbWFnZV91cmxnZW4uNjQweDExMzguc2RyLmY3MTg3OC5kZWZhdWx0X2NvdmVyX2ZyYW1lLmMxIn0&_nc_ht=instagram.fhan4-5.fna.fbcdn.net&_nc_cat=102&_nc_oc=Q6cZ2QGeMyDg0279UbVB7F75ZUjZ09SWO0kw0MyvbN630sYpo_2FF1AiAlYSmwQAdLQ45Hs&_nc_ohc=lnO8m91zbG0Q7kNvwHLzgvI&_nc_gid=onlNKlhrDcPIlI053hiI8w&edm=AJhczIQBAAAA&ccb=7-5&ig_cache_key=Mzc4MTQ2MjEwMDk0NzIwNTk3Ng%3D%3D.3-ccb7-5&oh=00_Afpl2SQxUGI_w6vUb9gbNP5yQd3HQ60ZzO_5t05Ai-rpuQ&oe=69668150&_nc_sid=4a2096', 'https://instagram.fhan4-5.fna.fbcdn.net/o1/v/t2/f2/m86/AQMCL6IewiXdhxi0Q_6U4WtxzconVsEQPjliQsrWatID4F8tr6OabCXbzfEEmkIek14G3ds1Kuomno7pVahrXL4CXLNWcZFLnACfbuU.mp4?_nc_cat=102&_nc_oc=AdmAqNj5PPIbL_vNoyDgXJpvxaqm0055Y3L-tbA4E7k9CTUMvrufdHGD_rCb5ys4wlo&_nc_sid=5e9851&_nc_ht=instagram.fhan4-5.fna.fbcdn.net&_nc_ohc=Xt1OtXVVhrkQ7kNvwHvnmkk&efg=eyJ2ZW5jb2RlX3RhZyI6Inhwdl9wcm9ncmVzc2l2ZS5JTlNUQUdSQU0uRkVFRC5DMy43MTYuZGFzaF9iYXNlbGluZV8xX3YxIiwieHB2X2Fzc2V0X2lkIjoxMjM5ODc4MzExMzMwNTA5LCJhc3NldF9hZ2VfZGF5cyI6MzQsInZpX3VzZWNhc2VfaWQiOjEwMDk5LCJkdXJhdGlvbl9zIjozNCwidXJsZ2VuX3NvdXJjZSI6Ind3dyJ9&ccb=17-1&_nc_gid=onlNKlhrDcPIlI053hiI8w&_nc_zt=28&vs=16160503a761e1f3&_nc_vs=HBksFQIYUmlnX3hwdl9yZWVsc19wZXJtYW5lbnRfc3JfcHJvZC80MjQ3QzQ2OEMwOEJFRDQyRTdENzIxN0E5NTUzNTk4MF92aWRlb19kYXNoaW5pdC5tcDQVAALIARIAFQIYOnBhc3N0aHJvdWdoX2V2ZXJzdG9yZS9HRnJMZkNQaGpiOGl6UVFEQUY0amxvaDlkaFVqYnN0VEFRQUYVAgLIARIAKAAYABsCiAd1c2Vfb2lsATEScHJvZ3Jlc3NpdmVfcmVjaXBlATEVAAAmmov-pLXqswQVAigCQzMsF0BA-6XjU_fPGBJkYXNoX2Jhc2VsaW5lXzFfdjERAHXqB2XmnQEA&oh=00_AfrkfbGGyoZZqTmY5u-W0V6XL2Xe6VOQSLOrF5Cs70bJrg&oe=69629CD3']",,https://www.threads.net/@c.raviteja__cinema/post/DR6c77qj39Y,[],"{'likes': 13, 'reposts': 0, 'quotes': 0}",threads,3781462100947205976,C. RaviTeja cinema,,#trendingreels #viralvideos #sarpanch #sarpanchelections #telangana #hyderabad #politics #indianpolitics #india #democracy #karimnagar #myvoteforjahnavi #myvote #supportjahnavi #nagulamalyaal #studentleader #leadership #womenleader #inspiration #grampanchayat #localbodieselection #t...,threads,66481355988,c.raviteja__cinema
[],2026-01-09T16:06:07.530198+07:00,"Corporate reality.

The longer you work in corporate,  the more you realize promotion is all about politics not performance.",2025-12-30T21:02:30+07:00,,3799060712816132776,threads,threads.com,threads_crawler_v1,https://www.threads.net/@ian__izac/post/DS4-ZcLjEKo,https://instagram.fhan4-6.fna.fbcdn.net/v/t51.2885-19/610793962_17911597956276765_6948361852433828890_n.jpg?stp=dst-jpg_s150x150_tt6&efg=eyJ2ZW5jb2RlX3RhZyI6InByb2ZpbGVfcGljLmRqYW5nby4xMDgwLmMxIn0&_nc_ht=instagram.fhan4-6.fna.fbcdn.net&_nc_cat=109&_nc_oc=Q6cZ2QGeMyDg0279UbVB7F75ZUjZ09SWO0kw0MyvbN630sYpo_2FF1AiAlYSmwQAdLQ45Hs&_nc_ohc=gJ6bhT8PBi0Q7kNvwH942a5&_nc_gid=onlNKlhrDcPIlI053hiI8w&edm=AJhczIQBAAAA&ccb=7-5&oh=00_AfoLTZQJkU7Ktk20RvH9wnh9ViYOrIRnGIVr-E-9qL-2Mg&oe=6966884E&_nc_sid=4a2096,84,0,4350,462,0,[],,https://www.threads.net/@ian__izac/post/DS4-ZcLjEKo,[],"{'likes': 4350, 'reposts': 446, 'quotes': 16}",threads,3799060712816132776,Izack | Corporate | Resume tips,,"Corporate reality.

The longer you work in corporate,  the more you realize promotion is all about politics not performance.",threads,68255740764,ian__izac
[],2026-01-09T16:06:07.530225+07:00,"I’m not a very political guy, I’ve never voted, and I typically ignore politics. 

I choose to judge someone based on their character. Not beliefs. 

But if the entire country of Venezuela is flooding the streets to celebrate how happy they are about Maduro’s capture, Why are we mad? 

Not trying to argue. I’m just genuinely confused why we are protesting this if the vast majority of Venezuela is celebrating this as a victory?",2026-01-05T01:11:54+07:00,,3802810121327850876,threads,threads.com,threads_crawler_v1,https://www.threads.net/@prodavery/post/DTGS6g-AbV8,https://instagram.fhan3-3.fna.fbcdn.net/v/t51.2885-19/358233592_231269109854052_5321996886047649255_n.jpg?stp=dst-jpg_s150x150_tt6&efg=eyJ2ZW5jb2RlX3RhZyI6InByb2ZpbGVfcGljLmRqYW5nby40NzAuYzEifQ&_nc_ht=instagram.fhan3-3.fna.fbcdn.net&_nc_cat=1&_nc_oc=Q6cZ2QGeMyDg0279UbVB7F75ZUjZ09SWO0kw0MyvbN630sYpo_2FF1AiAlYSmwQAdLQ45Hs&_nc_ohc=QJ9zsvG1zJkQ7kNvwHNM45X&_nc_gid=onlNKlhrDcPIlI053hiI8w&edm=AJhczIQBAAAA&ccb=7-5&oh=00_AfqsTTiZ5oVppgTRMigKKDGMEDfp-3-ucRqHmTNywdEEcg&oe=69668DB6&_nc_sid=4a2096,1473,0,1813,26,0,[],,https://www.threads.net/@prodavery/post/DTGS6g-AbV8,[],"{'likes': 1813, 'reposts': 23, 'quotes': 3}",threads,3802810121327850876,The real AVERY,,"I’m not a very political guy, I’ve never voted, and I typically ignore politics. 

I choose to judge someone based on their character. Not beliefs. 

But if the entire country of Venezuela is flooding the streets to celebrate how happy they are about Maduro’s capture, Why are we mad? 

Not trying to argue. I’m just genuinely confused why we are protesting this if the vast majority of Venezuela is celebrating this as a victory?",threads,63249580266,prodavery
[],2026-01-09T16:06:07.530252+07:00,"""When John McCain took the mic away from the woman lying about Obama, and came to Obama's defense, THAT was the best of American politics.

There is not a single Republican member of Congress who will 'take the mic' from Trump. That's the worst of American politics.""

– Glenn Kirschner",2025-06-09T02:36:33+07:00,,3650649821722774851,threads,threads.com,threads_crawler_v1,https://www.threads.net/@martinfjellanger/post/DKptqu_IQ1D,https://instagram.fhan3-2.fna.fbcdn.net/v/t51.2885-19/414192333_2031814047192487_3176371732062244318_n.jpg?stp=dst-jpg_s150x150_tt6&efg=eyJ2ZW5jb2RlX3RhZyI6InByb2ZpbGVfcGljLmRqYW5nby41NzQuYzEifQ&_nc_ht=instagram.fhan3-2.fna.fbcdn.net&_nc_cat=107&_nc_oc=Q6cZ2QGeMyDg0279UbVB7F75ZUjZ09SWO0kw0MyvbN630sYpo_2FF1AiAlYSmwQAdLQ45Hs&_nc_ohc=pwzsFS4lNj4Q7kNvwEqHHb0&_nc_gid=onlNKlhrDcPIlI053hiI8w&edm=AJhczIQBAAAA&ccb=7-5&oh=00_AfphPfqpQCNx81Gm53DswtHUtdOBUIiHLU0v4H6lw4WEKQ&oe=6966A57D&_nc_sid=4a2096,451,0,42632,2384,0,['https://instagram.fhan3-4.fna.fbcdn.net/v/t51.2885-15/504120254_17916861954102556_879937550620990941_n.jpg?stp=dst-jpg_e35_tt6&efg=eyJ2ZW5jb2RlX3RhZyI6InRocmVhZHMuRkVFRC5pbWFnZV91cmxnZW4uMzIweDI0MC5zZHIuZjc1NzYxLmRlZmF1bHRfaW1hZ2UuYzEifQ&_nc_ht=instagram.fhan3-4.fna.fbcdn.net&_nc_cat=104&_nc_oc=Q6cZ2QGeMyDg0279UbVB7F75ZUjZ09SWO0kw0MyvbN630sYpo_2FF1AiAlYSmwQAdLQ45Hs&_nc_ohc=iqPG0ugB0YIQ7kNvwGcCL7K&_nc_gid=onlNKlhrDcPIlI053hiI8w&edm=AJhczIQBAAAA&ccb=7-5&ig_cache_key=MzY1MDY0OTgyMTcyMjc3NDg1MQ%3D%3D.3-ccb7-5&oh=00_AfoA_S3OYmSaVafRZKLPAYE4h2ve3QtfvCTkUvuF-U619g&oe=6966830D&_nc_sid=4a2096'],,https://www.threads.net/@martinfjellanger/post/DKptqu_IQ1D,[],"{'likes': 42632, 'reposts': 2317, 'quotes': 67}",threads,3650649821722774851,Martin Phillip Fjellanger,Trump,"""When John McCain took the mic away from the woman lying about Obama, and came to Obama's defense, THAT was the best of American politics.

There is not a single Republican member of Congress who will 'take the mic' from Trump. That's the worst of American politics.""

– Glenn Kirschner",threads,63070214555,martinfjellanger
[],2026-01-09T16:06:07.530279+07:00,Trump will do ANYTHING to stay in power and out of prison. Including starting WW3. #maga #politics #funnyvideos #news #trump,2026-01-03T21:58:36+07:00,,3801988023156532586,threads,threads.com,threads_crawler_v1,https://www.threads.net/@sacrilegestreetnews/post/DTDX_aYiOVq,https://instagram.fhan3-3.fna.fbcdn.net/v/t51.2885-19/573323465_1219825463302212_7278921664109726296_n.png?stp=dst-jpg_s150x150_tt6&efg=eyJ2ZW5jb2RlX3RhZyI6InByb2ZpbGVfcGljLmRqYW5nby4xNTAuYzEifQ&_nc_ht=instagram.fhan3-3.fna.fbcdn.net&_nc_cat=1&_nc_oc=Q6cZ2QGeMyDg0279UbVB7F75ZUjZ09SWO0kw0MyvbN630sYpo_2FF1AiAlYSmwQAdLQ45Hs&_nc_ohc=jFezCB5ZvcgQ7kNvwHLtPhB&_nc_gid=onlNKlhrDcPIlI053hiI8w&edm=AJhczIQBAAAA&ccb=7-5&ig_cache_key=YW5vbnltb3VzX3Byb2ZpbGVfcGlj.3-ccb7-5&oh=00_AfoUIELXzuiOwMWoaNIb_eoDG2UA9V7CKC5IaXJrpA58FQ&oe=6966A8AA&_nc_sid=4a2096,1242,0,12044,2578,0,"['https://instagram.fhan4-3.fna.fbcdn.net/v/t51.2885-15/610214446_1134985368526812_185028009574511947_n.jpg?stp=dst-jpg_e15_tt6&efg=eyJ2ZW5jb2RlX3RhZyI6InRocmVhZHMuRkVFRC5pbWFnZV91cmxnZW4uNjQweDExMzYuc2RyLmY3MTg3OC5kZWZhdWx0X2NvdmVyX2ZyYW1lLmMxIn0&_nc_ht=instagram.fhan4-3.fna.fbcdn.net&_nc_cat=100&_nc_oc=Q6cZ2QGeMyDg0279UbVB7F75ZUjZ09SWO0kw0MyvbN630sYpo_2FF1AiAlYSmwQAdLQ45Hs&_nc_ohc=9AF4am7LJzoQ7kNvwGV8BdS&_nc_gid=onlNKlhrDcPIlI053hiI8w&edm=AJhczIQBAAAA&ccb=7-5&ig_cache_key=MzgwMTk4ODAyMzE1NjUzMjU4Ng%3D%3D.3-ccb7-5&oh=00_AfriD0qJjP78YPTU_6CvtALLQguANK5D45ITWieANnHq1w&oe=6966AEB5&_nc_sid=4a2096', 'https://instagram.fhan4-3.fna.fbcdn.net/o1/v/t2/f2/m86/AQOMAW1sbOyT6ZPaW-SFsoAcjPSuDYintzWNcZeu1wQZHZvTRLU0v1ozkoPu_grH1JXOvA01YokwBb87HDcXMQLYA6jclcrAfs6WqgI.mp4?_nc_cat=110&_nc_oc=AdllXHt2vbSizZKZupzBuYdMZ5__4It-UgSu__-FzxohiF07q8rogqUsOg0aPMnQEy4&_nc_sid=5e9851&_nc_ht=instagram.fhan4-3.fna.fbcdn.net&_nc_ohc=Dvzz2ctZaFcQ7kNvwHx5xUm&efg=eyJ2ZW5jb2RlX3RhZyI6Inhwdl9wcm9ncmVzc2l2ZS5JTlNUQUdSQU0uRkVFRC5DMy43MjAuZGFzaF9iYXNlbGluZV8xX3YxIiwieHB2X2Fzc2V0X2lkIjo3MjMxMDU3MDA4NjQ4MzAsImFzc2V0X2FnZV9kYXlzIjo1LCJ2aV91c2VjYXNlX2lkIjoxMDA5OSwiZHVyYXRpb25fcyI6NzIsInVybGdlbl9zb3VyY2UiOiJ3d3cifQ%3D%3D&ccb=17-1&_nc_gid=onlNKlhrDcPIlI053hiI8w&_nc_zt=28&vs=6e899e5da58a1774&_nc_vs=HBksFQIYUmlnX3hwdl9yZWVsc19wZXJtYW5lbnRfc3JfcHJvZC9EQjQ2N0ExRURFM0E2NzNEMEEzQTMwOTlDMzM5MENBRl92aWRlb19kYXNoaW5pdC5tcDQVAALIARIAFQIYOnBhc3N0aHJvdWdoX2V2ZXJzdG9yZS9HTWhNWGlSdkJfa3dPQjBRQUVHUE85ME1salVlYnN0VEFRQUYVAgLIARIAKAAYABsCiAd1c2Vfb2lsATEScHJvZ3Jlc3NpdmVfcmVjaXBlATEVAAAm_Iz7pqXqyAIVAigCQzMsF0BSCIMSbpeNGBJkYXNoX2Jhc2VsaW5lXzFfdjERAHXqB2XmnQEA&oh=00_AfoUt8ZeW4JurAxhpB-zC-4Yx1RQjHOhbFuyNEBcB9_-tw&oe=69628EE3']",,https://www.threads.net/@sacrilegestreetnews/post/DTDX_aYiOVq,[],"{'likes': 12044, 'reposts': 2201, 'quotes': 377}",threads,3801988023156532586,Gabe Harmell,,Trump will do ANYTHING to stay in power and out of prison. Including starting WW3. #maga #politics #funnyvideos #news #trump,threads,65919312069,sacrilegestreetnews
[],2026-01-09T16:06:07.530306+07:00,"Hey, I’m Adam Mockler. I’m 22, I debate about politics on YouTube, and 1.2 million people follow me for it! Can you like this post so I show up on Google looking cool instead of photos of me from highschool? Thanks!",2025-05-20T03:43:24+07:00,,3636187955078849218,threads,threads.com,threads_crawler_v1,https://www.threads.net/@adammockler/post/DJ2Va4HB2LC,https://instagram.fhan3-3.fna.fbcdn.net/v/t51.2885-19/497199617_18502758121029028_2151996151624121258_n.jpg?stp=dst-jpg_s150x150_tt6&efg=eyJ2ZW5jb2RlX3RhZyI6InByb2ZpbGVfcGljLmRqYW5nby4xMDgwLmMxIn0&_nc_ht=instagram.fhan3-3.fna.fbcdn.net&_nc_cat=1&_nc_oc=Q6cZ2QGeMyDg0279UbVB7F75ZUjZ09SWO0kw0MyvbN630sYpo_2FF1AiAlYSmwQAdLQ45Hs&_nc_ohc=Mg62rJ73xnEQ7kNvwEfU3-e&_nc_gid=onlNKlhrDcPIlI053hiI8w&edm=AJhczIQBAAAA&ccb=7-5&oh=00_Afr8RtddiqEPhFSqO8lW7L__UWIp1l3OGwQikZ-Bnbvjbg&oe=696682E3&_nc_sid=4a2096,139,0,3738,206,0,['https://instagram.fhan3-4.fna.fbcdn.net/v/t51.2885-15/499523624_17897362722200104_4718568468737937074_n.jpg?stp=dst-jpg_e35_tt6&efg=eyJ2ZW5jb2RlX3RhZyI6InRocmVhZHMuQ0FST1VTRUxfSVRFTS5pbWFnZV91cmxnZW4uMTQ0MHgxODAwLnNkci5mNzU3NjEuZGVmYXVsdF9pbWFnZS5jMSJ9&_nc_ht=instagram.fhan3-4.fna.fbcdn.net&_nc_cat=104&_nc_oc=Q6cZ2QGeMyDg0279UbVB7F75ZUjZ09SWO0kw0MyvbN630sYpo_2FF1AiAlYSmwQAdLQ45Hs&_nc_ohc=ib4evbxAE0YQ7kNvwG6BEdX&_nc_gid=onlNKlhrDcPIlI053hiI8w&edm=AJhczIQBAAAA&ccb=7-5&ig_cache_key=MzYzNjE4Nzk0OTQ1MDA2NDMyMA%3D%3D.3-ccb7-5&oh=00_AfrwagLUaVqmw8FZiuNacReb8a4PGKgQpGWnd9g0yXtRSw&oe=69668C41&_nc_sid=4a2096'],,https://www.threads.net/@adammockler/post/DJ2Va4HB2LC,[],"{'likes': 3738, 'reposts': 190, 'quotes': 16}",threads,3636187955078849218,Adam Mockler,,"Hey, I’m Adam Mockler. I’m 22, I debate about politics on YouTube, and 1.2 million people follow me for it! Can you like this post so I show up on Google looking cool instead of photos of me from highschool? Thanks!",threads,66018656103,adammockler
[],2026-01-09T16:08:11.823638+07:00,"Hello hello!

Any Thread users here interested in the social sciences, gender, politics, and policy?

I’m a sociologist working in these areas. Let’s connect! 😊",2026-01-05T18:47:45+07:00,,3803341550156663592,threads,threads.com,threads_crawler_v1,https://www.threads.net/@ash_presto/post/DTILv0okkso,https://instagram.fhan3-3.fna.fbcdn.net/v/t51.2885-19/520713398_17915926944113569_3494138004349552424_n.jpg?stp=dst-jpg_s150x150_tt6&efg=eyJ2ZW5jb2RlX3RhZyI6InByb2ZpbGVfcGljLmRqYW5nby4xMDgwLmMxIn0&_nc_ht=instagram.fhan3-3.fna.fbcdn.net&_nc_cat=101&_nc_oc=Q6cZ2QF6o1RyIs9g4_-wV2cDK8L20kl1Y5V37sRYHg-ecEhJo-55pTP0Zz3agJY4VZxoHhs&_nc_ohc=fFtpIkPGttQQ7kNvwEWbu4c&_nc_gid=BicvJrLljTDNEb9m3UwJaw&edm=AJhczIQBAAAA&ccb=7-5&oh=00_AfrfkYKuULuW0KVJG7DPGeeun10bqlE5fs9cIaNFC4rLIg&oe=6966B22F&_nc_sid=4a2096,63,0,321,1,0,[],,https://www.threads.net/@ash_presto/post/DTILv0okkso,[],"{'likes': 321, 'reposts': 1, 'quotes': 0}",threads,3803341550156663592,Ash Presto,Philippines Threads,"Hello hello!

Any Thread users here interested in the social sciences, gender, politics, and policy?

I’m a sociologist working in these areas. Let’s connect! 😊",threads,63475929568,ash_presto
[],2026-01-09T16:08:11.823882+07:00,"Brilliant and accurate.
.
Repost from @ryshead
•
I didn’t know I needed Sarah Cooper back in my life, but I sure am glad she popped back on my page. 

Source: @sarahcpr 

#ryanarmy #holdthemic #america #news #usa trump viral vote podcast youtube youtuber reels shorts political politics politicalCommentary tucson arizona",2025-12-24T11:43:01+07:00,,3794430448286711698,threads,threads.com,threads_crawler_v1,https://www.threads.net/@joyannreid/post/DSohmOTDj-S,https://instagram.fhan3-3.fna.fbcdn.net/v/t51.2885-19/358104110_298669659275831_1341041899805841726_n.jpg?stp=dst-jpg_s150x150_tt6&efg=eyJ2ZW5jb2RlX3RhZyI6InByb2ZpbGVfcGljLmRqYW5nby4xNTAuYzEifQ&_nc_ht=instagram.fhan3-3.fna.fbcdn.net&_nc_cat=111&_nc_oc=Q6cZ2QF6o1RyIs9g4_-wV2cDK8L20kl1Y5V37sRYHg-ecEhJo-55pTP0Zz3agJY4VZxoHhs&_nc_ohc=PnaWMyQlnEsQ7kNvwHTuakZ&_nc_gid=BicvJrLljTDNEb9m3UwJaw&edm=AJhczIQBAAAA&ccb=7-5&oh=00_AfrRdhViI7a4TQ-5pdRzwnDBfeoOSxGr3OWqo5CmgQYUYQ&oe=6966A2DB&_nc_sid=4a2096,250,0,8574,1642,0,"['https://instagram.fhan4-3.fna.fbcdn.net/v/t51.2885-15/604170518_1112173100848020_4084938340982127718_n.jpg?stp=dst-jpg_e15_tt6&efg=eyJ2ZW5jb2RlX3RhZyI6InRocmVhZHMuRkVFRC5pbWFnZV91cmxnZW4uNjQweDExMzguc2RyLmY3MTg3OC5kZWZhdWx0X2NvdmVyX2ZyYW1lLmMxIn0&_nc_ht=instagram.fhan4-3.fna.fbcdn.net&_nc_cat=100&_nc_oc=Q6cZ2QF6o1RyIs9g4_-wV2cDK8L20kl1Y5V37sRYHg-ecEhJo-55pTP0Zz3agJY4VZxoHhs&_nc_ohc=SLjT677HDyIQ7kNvwF4LMxm&_nc_gid=BicvJrLljTDNEb9m3UwJaw&edm=AJhczIQBAAAA&ccb=7-5&ig_cache_key=Mzc5NDQzMDQ0ODI4NjcxMTY5OA%3D%3D.3-ccb7-5&oh=00_AfphGrw-IhpDxxbSUWXqVKCovf3xuxlgMTHE7WZXWzqPJQ&oe=6966A48C&_nc_sid=4a2096', 'https://instagram.fhan4-6.fna.fbcdn.net/o1/v/t2/f2/m86/AQNEsBiaqacoRsc31Epf-so4YFuDl3stfjP-tObPCdwNClK9hkO3aINuHObdAlZdmSSyJUjmXGIgk0bAKj6vLa9RWqVlAj_hS-f5yIg.mp4?_nc_cat=108&_nc_oc=Adme_cSRqzgG2pW2td4BknX6NxZ9KTm2xvmT4Qpz7o19_S7ZD6rF7GGYWGeEb6faYNY&_nc_sid=5e9851&_nc_ht=instagram.fhan4-6.fna.fbcdn.net&_nc_ohc=88aGkxznWz4Q7kNvwGdpqjg&efg=eyJ2ZW5jb2RlX3RhZyI6Inhwdl9wcm9ncmVzc2l2ZS5JTlNUQUdSQU0uRkVFRC5DMy40ODAuZGFzaF9iYXNlbGluZV8xX3YxIiwieHB2X2Fzc2V0X2lkIjoxNjI5NDY0NzgxNzU2MTEwLCJhc3NldF9hZ2VfZGF5cyI6MTYsInZpX3VzZWNhc2VfaWQiOjEwMDk5LCJkdXJhdGlvbl9zIjoxNDUsInVybGdlbl9zb3VyY2UiOiJ3d3cifQ%3D%3D&ccb=17-1&_nc_gid=BicvJrLljTDNEb9m3UwJaw&_nc_zt=28&vs=a6d2c3f8e34a39e2&_nc_vs=HBksFQIYUmlnX3hwdl9yZWVsc19wZXJtYW5lbnRfc3JfcHJvZC8wMTQxQ0ExRUREQjczNzU0QjU5OTM1QzgwRjBGNzRCRl92aWRlb19kYXNoaW5pdC5tcDQVAALIARIAFQIYOnBhc3N0aHJvdWdoX2V2ZXJzdG9yZS9HSEN6SENReWJjRTVNcWNGQUd6TjFJOWdVV2RHYnN0VEFRQUYVAgLIARIAKAAYABsCiAd1c2Vfb2lsATEScHJvZ3Jlc3NpdmVfcmVjaXBlATEVAAAmnNvs16r_5AUVAigCQzMsF0BiK7ZFocrBGBJkYXNoX2Jhc2VsaW5lXzFfdjERAHXqB2XmnQEA&oh=00_Afq1xRlm12SVUP0BKZca-6qGYbrYbyd9zbDDWPzLa2MZCQ&oe=69628881']",,https://www.threads.net/@joyannreid/post/DSohmOTDj-S,[],"{'likes': 8574, 'reposts': 1511, 'quotes': 131}",threads,3794430448286711698,Joy-Ann Reid,,"Brilliant and accurate.
.
Repost from @ryshead
•
I didn’t know I needed Sarah Cooper back in my life, but I sure am glad she popped back on my page. 

Source: @sarahcpr 

#ryanarmy #holdthemic #america #news #usa trump viral vote podcast youtube youtuber reels shorts political politics politicalCommentary tucson arizona",threads,63080780230,joyannreid
[],2026-01-09T16:08:11.824022+07:00,"I'd like to share something. A couple months ago, we had some friends over. It was a fun, casual night until politics entered the chat. One person there (Steve) was defending ICE. I was so upset that I went into my bedroom and cried. I didn't know how to deal with it. Then my soon to be step son chewed this guy out. ""You realize she's puerto rican right? You realize how scared for her family she is right now?""",2025-12-31T16:54:15+07:00,,3799660544375315389,threads,threads.com,threads_crawler_v1,https://www.threads.net/@wolfs_sub_kitten/post/DS7GyI2jtu9,https://instagram.fhan4-3.fna.fbcdn.net/v/t51.2885-19/610770419_17942513280105706_2348283758200830904_n.jpg?stp=dst-jpg_s150x150_tt6&efg=eyJ2ZW5jb2RlX3RhZyI6InByb2ZpbGVfcGljLmRqYW5nby4xMDgwLmMxIn0&_nc_ht=instagram.fhan4-3.fna.fbcdn.net&_nc_cat=110&_nc_oc=Q6cZ2QF6o1RyIs9g4_-wV2cDK8L20kl1Y5V37sRYHg-ecEhJo-55pTP0Zz3agJY4VZxoHhs&_nc_ohc=MyTGoyIkGwUQ7kNvwHCMwDU&_nc_gid=BicvJrLljTDNEb9m3UwJaw&edm=AJhczIQBAAAA&ccb=7-5&oh=00_AfopSLVW8CdyINQzcG5G0MMQT516MP_qQ3Xz9fupd127Wg&oe=69668E60&_nc_sid=4a2096,1592,0,9079,184,0,[],,https://www.threads.net/@wolfs_sub_kitten/post/DS7GyI2jtu9,[],"{'likes': 9079, 'reposts': 180, 'quotes': 4}",threads,3799660544375315389,Raine,,"I'd like to share something. A couple months ago, we had some friends over. It was a fun, casual night until politics entered the chat. One person there (Steve) was defending ICE. I was so upset that I went into my bedroom and cried. I didn't know how to deal with it. Then my soon to be step son chewed this guy out. ""You realize she's puerto rican right? You realize how scared for her family she is right now?""",threads,63314977705,wolfs_sub_kitten
[],2026-01-09T16:08:11.824118+07:00,"Story time!
Met a lesbian last week on FB dating. We hit it off well and decided to meet up earlier this week. 
Whew!
Her: I don’t talk about politics or religion. 
Me: Those discussions are LIFE to me!
Her: I’m an independent. 
Me: You said you were liberal. I’m socialist AF. 
Her: I’m really apolitical. 
Me: What a privileged life you live. I only date liberals and socialists. 
Her: I’m spiritual, not Christian because I don’t go to church and don’t call myself one.",2026-01-03T01:02:52+07:00,,3801356023642459776,threads,threads.com,threads_crawler_v1,https://www.threads.net/@penny__wilder/post/DTBISm-AA6A,https://instagram.fhan4-1.fna.fbcdn.net/v/t51.2885-19/517358863_17853035109477785_5093918844416462972_n.jpg?stp=dst-jpg_s150x150_tt6&efg=eyJ2ZW5jb2RlX3RhZyI6InByb2ZpbGVfcGljLmRqYW5nby4xMDgwLmMxIn0&_nc_ht=instagram.fhan4-1.fna.fbcdn.net&_nc_cat=105&_nc_oc=Q6cZ2QF6o1RyIs9g4_-wV2cDK8L20kl1Y5V37sRYHg-ecEhJo-55pTP0Zz3agJY4VZxoHhs&_nc_ohc=tb__v9PU4cUQ7kNvwHwuCFt&_nc_gid=BicvJrLljTDNEb9m3UwJaw&edm=AJhczIQBAAAA&ccb=7-5&oh=00_AfoOaPMasBW5yNhaG6YZIThBRKAveh9bupVU0yUf4IxVbg&oe=6966B0FF&_nc_sid=4a2096,631,0,1085,5,0,[],,https://www.threads.net/@penny__wilder/post/DTBISm-AA6A,[],"{'likes': 1085, 'reposts': 4, 'quotes': 1}",threads,3801356023642459776,Penny Wilder,lesbianthreads,"Story time!
Met a lesbian last week on FB dating. We hit it off well and decided to meet up earlier this week. 
Whew!
Her: I don’t talk about politics or religion. 
Me: Those discussions are LIFE to me!
Her: I’m an independent. 
Me: You said you were liberal. I’m socialist AF. 
Her: I’m really apolitical. 
Me: What a privileged life you live. I only date liberals and socialists. 
Her: I’m spiritual, not Christian because I don’t go to church and don’t call myself one.",threads,74334725784,penny__wilder
[],2026-01-09T16:08:11.824207+07:00,"Hi Threads 👋🏼 Figured introductions are in order: 34 yr old living in Chicago yapping about

- tv & film
- politics & news 
- gay culture
& the like. 

Don’t be shy now ya hear? ✨",2026-01-05T09:00:50+07:00,,3803046142985124974,threads,threads.com,threads_crawler_v1,https://www.threads.net/@astro_knott/post/DTHIlFRDDxu,https://instagram.fhan3-3.fna.fbcdn.net/v/t51.2885-19/358002464_1332255884046383_6896584653515399572_n.jpg?stp=dst-jpg_s150x150_tt6&efg=eyJ2ZW5jb2RlX3RhZyI6InByb2ZpbGVfcGljLmRqYW5nby42MTIuYzEifQ&_nc_ht=instagram.fhan3-3.fna.fbcdn.net&_nc_cat=111&_nc_oc=Q6cZ2QF6o1RyIs9g4_-wV2cDK8L20kl1Y5V37sRYHg-ecEhJo-55pTP0Zz3agJY4VZxoHhs&_nc_ohc=JcLwJK2m7WIQ7kNvwEgMGqy&_nc_gid=BicvJrLljTDNEb9m3UwJaw&edm=AJhczIQBAAAA&ccb=7-5&oh=00_AfqCC9W6mwA9_3hcj1lTxju5pOtFwy_r3rK5J50F9bxv8A&oe=69669087&_nc_sid=4a2096,56,0,624,6,0,['https://instagram.fhan4-3.fna.fbcdn.net/v/t51.2885-15/610536675_17936210010117406_7898893571427898123_n.jpg?stp=cp6_dst-jpg_e35_tt6&efg=eyJ2ZW5jb2RlX3RhZyI6InRocmVhZHMuQ0FST1VTRUxfSVRFTS5pbWFnZV91cmxnZW4uMTIwNngxMTg1LnNkci5mODI3ODcuZGVmYXVsdF9pbWFnZS5jMSJ9&_nc_ht=instagram.fhan4-3.fna.fbcdn.net&_nc_cat=110&_nc_oc=Q6cZ2QF6o1RyIs9g4_-wV2cDK8L20kl1Y5V37sRYHg-ecEhJo-55pTP0Zz3agJY4VZxoHhs&_nc_ohc=dACqpuelbzEQ7kNvwEelEoG&_nc_gid=BicvJrLljTDNEb9m3UwJaw&edm=AJhczIQBAAAA&ccb=7-5&ig_cache_key=MzgwMzA0NjEzNjQ1ODc3Njg5OA%3D%3D.3-ccb7-5&oh=00_AfrQ3rNSAv-6av6xngywIS-KUGuhL2zpl9cgi9svu78_MQ&oe=69668ADE&_nc_sid=4a2096'],,https://www.threads.net/@astro_knott/post/DTHIlFRDDxu,[],"{'likes': 624, 'reposts': 6, 'quotes': 0}",threads,3803046142985124974,Jon Knott,,"Hi Threads 👋🏼 Figured introductions are in order: 34 yr old living in Chicago yapping about

- tv & film
- politics & news 
- gay culture
& the like. 

Don’t be shy now ya hear? ✨",threads,63386965405,astro_knott
[],2026-01-09T16:08:11.824296+07:00,Now double it! #maga #paypig #findom #goddess #politics,2026-01-03T00:06:38+07:00,,3801327705807431868,threads,threads.com,threads_crawler_v1,https://www.threads.net/@heyitstwig/post/DTBB2h7gKi8,https://instagram.fhan4-3.fna.fbcdn.net/v/t51.2885-19/478373176_1344649326461398_2159580068144064083_n.jpg?stp=dst-jpg_s150x150_tt6&efg=eyJ2ZW5jb2RlX3RhZyI6InByb2ZpbGVfcGljLmRqYW5nby4xMDgwLmMxIn0&_nc_ht=instagram.fhan4-3.fna.fbcdn.net&_nc_cat=110&_nc_oc=Q6cZ2QF6o1RyIs9g4_-wV2cDK8L20kl1Y5V37sRYHg-ecEhJo-55pTP0Zz3agJY4VZxoHhs&_nc_ohc=2xXBrxCxNQwQ7kNvwEno12z&_nc_gid=BicvJrLljTDNEb9m3UwJaw&edm=AJhczIQBAAAA&ccb=7-5&oh=00_AfrIZ_Rxzz-vsOjImtHJfQUWE8YaidbLgLFoiY_QK4D79g&oe=69668BCE&_nc_sid=4a2096,150,0,612,13,0,"['https://instagram.fhan4-5.fna.fbcdn.net/v/t51.2885-15/610380231_903260308882478_4094740356229195838_n.jpg?stp=dst-jpg_e15_tt6&efg=eyJ2ZW5jb2RlX3RhZyI6InRocmVhZHMuRkVFRC5pbWFnZV91cmxnZW4uNjQweDExMzYuc2RyLmY3MTg3OC5kZWZhdWx0X2NvdmVyX2ZyYW1lLmMxIn0&_nc_ht=instagram.fhan4-5.fna.fbcdn.net&_nc_cat=102&_nc_oc=Q6cZ2QF6o1RyIs9g4_-wV2cDK8L20kl1Y5V37sRYHg-ecEhJo-55pTP0Zz3agJY4VZxoHhs&_nc_ohc=EzVAhwVSMIIQ7kNvwGP0Z26&_nc_gid=BicvJrLljTDNEb9m3UwJaw&edm=AJhczIQBAAAA&ccb=7-5&ig_cache_key=MzgwMTMyNzcwNTgwNzQzMTg2OA%3D%3D.3-ccb7-5&oh=00_AfqKzKo1u0QUDqF9iSMS324xvZCXqh3WLCuoiIpaiAXgyQ&oe=696691C9&_nc_sid=4a2096', 'https://instagram.fhan3-2.fna.fbcdn.net/o1/v/t2/f2/m86/AQPPuEsmF7YJ6pxEYiWZwCun4uXc4giw2fzNOl-98iX8NdnIpF_BwjWqDYBxJ8hsuQUPw2DbZ82IFuMpGOlUbPRUtlJCsN4hUGa5T1g.mp4?_nc_cat=107&_nc_oc=Adkf9uz4sDB7VB7Jmz-xj9dgpFL8qRHvzx4hsKSh56zUgzaCcxl6CgCBLf7jbvXNI9s&_nc_sid=5e9851&_nc_ht=instagram.fhan3-2.fna.fbcdn.net&_nc_ohc=pRD1oMLQqeEQ7kNvwHgicRK&efg=eyJ2ZW5jb2RlX3RhZyI6Inhwdl9wcm9ncmVzc2l2ZS5JTlNUQUdSQU0uRkVFRC5DMy43MjAuZGFzaF9iYXNlbGluZV8xX3YxIiwieHB2X2Fzc2V0X2lkIjoyMDA0MTMzMjEzNDgwNTU5LCJhc3NldF9hZ2VfZGF5cyI6NiwidmlfdXNlY2FzZV9pZCI6MTAwOTksImR1cmF0aW9uX3MiOjEwLCJ1cmxnZW5fc291cmNlIjoid3d3In0%3D&ccb=17-1&_nc_gid=BicvJrLljTDNEb9m3UwJaw&_nc_zt=28&vs=7d781260ad5d6d81&_nc_vs=HBksFQIYUmlnX3hwdl9yZWVsc19wZXJtYW5lbnRfc3JfcHJvZC9FMjQzQTZDNkJDQzRBNjMwNDZCOTY4QzNFQjRCQzg4NV92aWRlb19kYXNoaW5pdC5tcDQVAALIARIAFQIYOnBhc3N0aHJvdWdoX2V2ZXJzdG9yZS9HTUZrU2lTQ1lZbkhJTHdKQUlTTmJGVUd2a0E3YnN0VEFRQUYVAgLIARIAKAAYABsCiAd1c2Vfb2lsATEScHJvZ3Jlc3NpdmVfcmVjaXBlATEVAAAm3pmthPSvjwcVAigCQzMsF0Aku2RaHKwIGBJkYXNoX2Jhc2VsaW5lXzFfdjERAHXqB2XmnQEA&oh=00_Afpq67C06JvYVQPgI1fDP9Qemk6Vs1I4FuQmkjcjLFIjMw&oe=69628CB4']",,https://www.threads.net/@heyitstwig/post/DTBB2h7gKi8,[],"{'likes': 612, 'reposts': 13, 'quotes': 0}",threads,3801327705807431868,Twig,,Now double it! #maga #paypig #findom #goddess #politics,threads,63413579018,heyitstwig
[],2026-01-09T16:08:11.824381+07:00,"France is now investigating Elon Musk’s platform X because officials think its algorithm might have been changed to influence politics, like boosting far-right or pro-Trump posts during elections.

You heard right! FRANCE IS DOING IT! 

Viva la France!! 🇫🇷",2025-12-31T09:01:20+07:00,,3799422513705722885,threads,threads.com,threads_crawler_v1,https://www.threads.net/@moniviviny/post/DS6QqVhDSQF,https://instagram.fhan3-3.fna.fbcdn.net/v/t51.2885-19/584378866_17937272124099073_6904309657606252616_n.jpg?stp=dst-jpg_s150x150_tt6&efg=eyJ2ZW5jb2RlX3RhZyI6InByb2ZpbGVfcGljLmRqYW5nby42MjQuYzEifQ&_nc_ht=instagram.fhan3-3.fna.fbcdn.net&_nc_cat=1&_nc_oc=Q6cZ2QF6o1RyIs9g4_-wV2cDK8L20kl1Y5V37sRYHg-ecEhJo-55pTP0Zz3agJY4VZxoHhs&_nc_ohc=q0hTAwJzyAkQ7kNvwGV0zbz&_nc_gid=BicvJrLljTDNEb9m3UwJaw&edm=AJhczIQBAAAA&ccb=7-5&oh=00_AfoCMSa7Y_0YiZJB7FhNYPOXbY1sZbe5nq0LFd6JqRUZWw&oe=6966B11B&_nc_sid=4a2096,289,0,37866,1955,0,[],,https://www.threads.net/@moniviviny/post/DS6QqVhDSQF,[],"{'likes': 37866, 'reposts': 1889, 'quotes': 66}",threads,3799422513705722885,Moni Vivi-New York,,"France is now investigating Elon Musk’s platform X because officials think its algorithm might have been changed to influence politics, like boosting far-right or pro-Trump posts during elections.

You heard right! FRANCE IS DOING IT! 

Viva la France!! 🇫🇷",threads,63083019072,moniviviny
[],2026-01-09T16:08:11.824463+07:00,"#BREAKING 🚨 Elon Musk is defending ICE Agents who DEFENDED themselves from getting ran over

THIS WAS CLEAR SELF DEFENSE

I AGREE WITH #ELONMUSK

~ Britany Henry, 6 Year Master of Science🌹 

#Philosophy | #Art | #History | #Politics | #GoldenAge | #RepublicanParty | #TeaParty | #Renaissance ❤️ #pov #Trump #USA #maga #God #war #congress #NewsUpdate #america #PoliticalNews #NewsToday #BreakingNews #FoxNews #POTUS #Democrats #TrumpNation #FAFO #DrainTheSwamp #MakeAmericaGreatAgain",2026-01-08T07:08:52+07:00,,3805164112272211495,threads,threads.com,threads_crawler_v1,https://www.threads.net/@samegoddifferentday/post/DTOqJl4DL4n,https://instagram.fhan3-3.fna.fbcdn.net/v/t51.2885-19/489096078_1355551425665363_3872804778077760148_n.jpg?stp=dst-jpg_s150x150_tt6&efg=eyJ2ZW5jb2RlX3RhZyI6InByb2ZpbGVfcGljLmRqYW5nby4xMDgwLmMxIn0&_nc_ht=instagram.fhan3-3.fna.fbcdn.net&_nc_cat=111&_nc_oc=Q6cZ2QF6o1RyIs9g4_-wV2cDK8L20kl1Y5V37sRYHg-ecEhJo-55pTP0Zz3agJY4VZxoHhs&_nc_ohc=YlP3QyvsFZUQ7kNvwEW1AAX&_nc_gid=BicvJrLljTDNEb9m3UwJaw&edm=AJhczIQBAAAA&ccb=7-5&oh=00_AfrA-NUh9D4TEt3kHrYLrRptPt-iL9KjAN9eOOgvlnrXNQ&oe=6966B14E&_nc_sid=4a2096,11,0,49,4,0,['https://instagram.fhan3-4.fna.fbcdn.net/v/t39.30808-6/612257164_811204525261300_4797810966706893731_n.jpg?stp=dst-jpg_e35_tt6&efg=eyJ2ZW5jb2RlX3RhZyI6InRocmVhZHMuRkVFRC5pbWFnZV91cmxnZW4uMTI5MHgxMzE0LnNkci5mMzA4MDguZGVmYXVsdF9pbWFnZS5jMSJ9&_nc_ht=instagram.fhan3-4.fna.fbcdn.net&_nc_cat=104&_nc_oc=Q6cZ2QF6o1RyIs9g4_-wV2cDK8L20kl1Y5V37sRYHg-ecEhJo-55pTP0Zz3agJY4VZxoHhs&_nc_ohc=sNUuY1xU8EIQ7kNvwGiMMhJ&_nc_gid=BicvJrLljTDNEb9m3UwJaw&edm=AJhczIQAAAAA&ccb=7-5&ig_cache_key=MzgwNTE2NDExMjI3MjIxMTQ5NQ%3D%3D.3-ccb7-5&oh=00_AfrnohrZxj6zZsswXjATAA8OO_GhkIA0kAWRYB0oDHljeA&oe=69668EDB&_nc_sid=4a2096'],,https://www.threads.net/@samegoddifferentday/post/DTOqJl4DL4n,[],"{'likes': 49, 'reposts': 4, 'quotes': 0}",threads,3805164112272211495,Britany Henry,,"#BREAKING 🚨 Elon Musk is defending ICE Agents who DEFENDED themselves from getting ran over

THIS WAS CLEAR SELF DEFENSE

I AGREE WITH #ELONMUSK

~ Britany Henry, 6 Year Master of Science🌹 

#Philosophy | #Art | #History | #Politics | #GoldenAge | #RepublicanParty | #TeaParty | #Renaissance ❤️ #pov #Trump #USA #maga #God #war #congress #NewsUpdate #america #PoliticalNews #NewsToday #BreakingNews #FoxNews #POTUS #Democrats #TrumpNation #FAFO #DrainTheSwamp #MakeAmericaGreatAgain",threads,63239054997,samegoddifferentday
[],2026-01-09T16:08:11.824551+07:00,"I’m gay. I’m disabled. I’m poor.
So when you say,
“We just disagree politically, but we can still be friends,”
I need you to understand something:

Your politics decide whether I eat, get healthcare, marry, survive.
This isn’t just a disagreement.
It’s my life.",2025-08-06T03:59:00+07:00,,3692728310284290411,threads,threads.com,threads_crawler_v1,https://www.threads.net/@jonathan_73029/post/DM_NNVShglr,https://instagram.fhan4-1.fna.fbcdn.net/v/t51.2885-19/468817403_562825453017713_8253806544235782108_n.jpg?stp=dst-jpg_s150x150_tt6&efg=eyJ2ZW5jb2RlX3RhZyI6InByb2ZpbGVfcGljLmRqYW5nby4xMDgwLmMxIn0&_nc_ht=instagram.fhan4-1.fna.fbcdn.net&_nc_cat=105&_nc_oc=Q6cZ2QF6o1RyIs9g4_-wV2cDK8L20kl1Y5V37sRYHg-ecEhJo-55pTP0Zz3agJY4VZxoHhs&_nc_ohc=HsKuTxOrmAIQ7kNvwFRelIT&_nc_gid=BicvJrLljTDNEb9m3UwJaw&edm=AJhczIQBAAAA&ccb=7-5&oh=00_AfqwFvDf4MNVQ_FSVex4pIFGlsN2EeeadnFpqfiB4CDWGQ&oe=69669BB3&_nc_sid=4a2096,340,0,22657,1516,0,[],,https://www.threads.net/@jonathan_73029/post/DM_NNVShglr,[],"{'likes': 22657, 'reposts': 1471, 'quotes': 45}",threads,3692728310284290411,Jonathan Roberts,,"I’m gay. I’m disabled. I’m poor.
So when you say,
“We just disagree politically, but we can still be friends,”
I need you to understand something:

Your politics decide whether I eat, get healthcare, marry, survive.
This isn’t just a disagreement.
It’s my life.",threads,63483461570,jonathan_73029
[],2026-01-09T16:08:11.824634+07:00,"I want a bestie. I'm a girl 🎀
Anyone 17 - 18 yr old 
- I'm a social dumbo who's good in studies 
- I yap but also listen well 🤗
- I understand things well (I'm a good free therapist)
- I platonically flirt a lot 🤭
- I'm sorry but I ain't interested in international conflict, wars and politics
- I'm a Stay
- I watch a lot of anime
- I love Manhwa/Manga/Manhua (including BL)
- I like kpop
- I like cdrama and kdrama, a bit of jdrama too
I want a person who will understand my idiotness 😭😭😭",2026-01-07T00:23:53+07:00,,3804235500262448496,threads,threads.com,threads_crawler_v1,https://www.threads.net/@gooey_goofball/post/DTLXAgjEt1w,https://instagram.fhan3-3.fna.fbcdn.net/v/t51.2885-19/610750819_17843734251669743_6470691936838238306_n.jpg?stp=dst-jpg_s150x150_tt6&efg=eyJ2ZW5jb2RlX3RhZyI6InByb2ZpbGVfcGljLmRqYW5nby4xMDgwLmMxIn0&_nc_ht=instagram.fhan3-3.fna.fbcdn.net&_nc_cat=111&_nc_oc=Q6cZ2QF6o1RyIs9g4_-wV2cDK8L20kl1Y5V37sRYHg-ecEhJo-55pTP0Zz3agJY4VZxoHhs&_nc_ohc=SalTeUytq6AQ7kNvwETOQrF&_nc_gid=BicvJrLljTDNEb9m3UwJaw&edm=AJhczIQBAAAA&ccb=7-5&oh=00_AfpKfau2fu6x6F_LWBvGcum84jZst_nDnp_YouT3K29ZdA&oe=69669508&_nc_sid=4a2096,42,0,34,0,0,[],,https://www.threads.net/@gooey_goofball/post/DTLXAgjEt1w,[],"{'likes': 34, 'reposts': 0, 'quotes': 0}",threads,3804235500262448496,Siya,BMF,"I want a bestie. I'm a girl 🎀
Anyone 17 - 18 yr old 
- I'm a social dumbo who's good in studies 
- I yap but also listen well 🤗
- I understand things well (I'm a good free therapist)
- I platonically flirt a lot 🤭
- I'm sorry but I ain't interested in international conflict, wars and politics
- I'm a Stay
- I watch a lot of anime
- I love Manhwa/Manga/Manhua (including BL)
- I like kpop
- I like cdrama and kdrama, a bit of jdrama too
I want a person who will understand my idiotness 😭😭😭",threads,79979557742,gooey_goofball
[],2026-01-09T16:08:11.824717+07:00,"BMF -
!!That's a new account i deleted my old one!!
Name: Ethan 
Age: 17
Country: UK
Sexuality: straight 
Identity: 𝒱𝒶𝓂𝓅𝒾𝓇ℯ
Vibe: im emo / alternative, i breathe music i love video games, skating, electric guitar, politics, i appreciate art im against AI
Im in many fandoms so i would like to get to know you and maybe become friendsXD
⚠︎︎𝐑𝟒𝐖𝐑",2025-12-05T02:30:14+07:00,,3780381494809057958,threads,threads.com,threads_crawler_v1,https://www.threads.net/@rawr.xd_.00e/post/DR2nPCxjdqm,https://instagram.fhan3-4.fna.fbcdn.net/v/t51.2885-19/588618382_17842700505635742_248170224694465496_n.jpg?stp=dst-jpg_s150x150_tt6&efg=eyJ2ZW5jb2RlX3RhZyI6InByb2ZpbGVfcGljLmRqYW5nby43MzYuYzEifQ&_nc_ht=instagram.fhan3-4.fna.fbcdn.net&_nc_cat=106&_nc_oc=Q6cZ2QF6o1RyIs9g4_-wV2cDK8L20kl1Y5V37sRYHg-ecEhJo-55pTP0Zz3agJY4VZxoHhs&_nc_ohc=RPdH2nzNugoQ7kNvwHGOCS5&_nc_gid=BicvJrLljTDNEb9m3UwJaw&edm=AJhczIQBAAAA&ccb=7-5&oh=00_Afr1SP3Enm9ZHwgPx3avqcOum8Rr9ZTtoKCAADofCWS52w&oe=6966B304&_nc_sid=4a2096,37,0,18,0,0,[],,https://www.threads.net/@rawr.xd_.00e/post/DR2nPCxjdqm,[],"{'likes': 18, 'reposts': 0, 'quotes': 0}",threads,3780381494809057958,𝓔,,"BMF -
!!That's a new account i deleted my old one!!
Name: Ethan 
Age: 17
Country: UK
Sexuality: straight 
Identity: 𝒱𝒶𝓂𝓅𝒾𝓇ℯ
Vibe: im emo / alternative, i breathe music i love video games, skating, electric guitar, politics, i appreciate art im against AI
Im in many fandoms so i would like to get to know you and maybe become friendsXD
⚠︎︎𝐑𝟒𝐖𝐑",threads,79065187741,rawr.xd_.00e
